locationabbr,year,COPD_Prevalence_overall_z,COPD_Prevalence_sex_diff_z,COPD_Prevalence_race_diff_z,Smoking_Rate_overall_z,Smoking_Rate_sex_diff_z,Smoking_Rate_race_diff_z,Mortality_Underlying_overall_z,Mortality_Underlying_sex_diff_z,Mortality_Underlying_race_diff_z,Mortality_Any_Cause_overall_z,Mortality_Any_Cause_sex_diff_z,Mortality_Any_Cause_race_diff_z,Hospitalization_Any_Dx_overall_z,Hospitalization_Any_Dx_sex_diff_z,Hospitalization_Any_Dx_race_diff_z,Hospitalization_Principal_Dx_overall_z,Hospitalization_Principal_Dx_sex_diff_z,Hospitalization_Principal_Dx_race_diff_z,COPD_Prevalence_yoy_change_z,Smoking_Rate_yoy_change_z,Mortality_Underlying_yoy_change_z,Mortality_Any_Cause_yoy_change_z,Hospitalization_Any_Dx_yoy_change_z,Hospitalization_Principal_Dx_yoy_change_z,Smoking_vs_Prevalence_Diff_z,Mortality_Any_vs_Underlying_Diff_z
AK,2019,-0.8590953937401572,1.905509310866702,1.2848219590125777e-17,1.9597290281611248,-1.0538163714207516,2.257357641054741e-16,-1.0200255987236488,-4.7756031282952875,0.0,-1.210403969727124,-2.8978446025472087,0.0,-1.6327070961029746,-2.156666061344009,-1.2930475449517087,-0.8853767583136634,-1.9531617274862232,0.0,-0.07499241092667684,0.20053595524578743,0.4344945957905899,-0.4241706759356143,0.4066109580156389,0.559052734645644,2.337171262647761,-1.1606020193519675
AK,2020,-0.8590953937401572,-0.5165138838859252,1.2848219590125777e-17,-0.01321949311332031,-1.8896342857909074,2.257357641054741e-16,-1.016117550650341,-0.11487705119610576,0.0,-0.8774453696765153,0.014849542801296379,0.0,-1.9741999674512412,-1.164720422789095,-1.0875609825034012,-1.7073669889417984,0.9275095988652114,0.0,-0.07499241092667684,-2.5712383019532012,0.45314539719972285,1.0537062259240666,-0.8394104184119464,-0.7910656534685279,0.18970316677103896,-0.6608123295683554
AK,2021,-0.3425116508917204,0.6307602609968982,1.2848219590125777e-17,-0.40007214434360366,-1.336708588592189,2.257357641054741e-16,-0.5745081183665164,-2.1936046442685098,0.0,-0.003640312690909049,0.1553742603400416,0.0,-1.8753354067195687,-1.9522651418842096,-1.1940219482455339,-1.723644023211662,0.3229242587667622,0.0,1.6814563461993446,-0.3429491932246026,2.5420351550228473,3.454318452295116,0.7673428103568739,0.5323177170592248,-0.35769066158969415,0.3693664187611287
AK,2022,-0.39990984454154677,-0.13408916892498407,1.2848219590125777e-17,0.0,0.0,2.257357641054741e-16,0.0,3.0366463628323904e-16,0.0,-7.505752365952164e-16,4.727690210316963e-16,0.0,6.135152441222987e-16,0.0,0.0,0.0,1.9741898968474384e-16,0.0,-0.2701533839406792,0.20053595524578743,0.4344945957905899,-0.4241706759356143,0.4066109580156389,0.559052734645644,-7.978394017264205e-16,0.0
AL,2019,1.8386197078016795,-1.2813633138078075,-1.7054427735126456,0.554164395357762,1.0292990459325604,-0.9087271407512761,1.8250333986447078,2.281130016608405,-2.416693099753117,-0.04082350660518983,0.38106547335681146,-1.4689957869928365,2.0101713469269518,1.6147312957476,-0.5968266261301405,3.700677647220535,-1.2063210132469626,-0.9692391181111852,-0.07499241092667684,0.20053595524578743,0.4344945957905899,-0.4241706759356143,0.4066109580156389,0.559052734645644,0.1475959492048287,-1.2524001256387518
AL,2020,1.609026933202374,-0.13408916892498407,-0.43245156042642086,1.1860237257005581,-0.5909018342311266,-2.2112760041104607,1.5319297931465943,1.8216218118239758,-1.9785770422890245,0.3225577066480111,1.011297539894208,-1.468995786992837,1.2382506718691761,2.189859373051157,-0.2199886045349709,1.2916765752806543,1.4787491736608551,-0.7313769676366824,-0.8556363029826864,1.088228364414091,-0.9643155098945361,1.1887406636574318,-2.4099329371202938,-3.397729868144403,0.8914901262078763,-0.5129153805507572
AL,2021,1.4368323522528952,0.12086064104897669,-0.5481780343433503,0.5799545721064475,1.1321689430858102,1.3310215145370776,1.2896308126014875,0.8260207014577191,-2.032776966923758,0.3360788680713868,0.20647415762685561,-1.6250863053610798,1.454975604128127,1.5726487535058777,-0.1300882334638355,0.9905514412881691,0.038413510485138844,-0.6758757991926315,-0.660475329968684,-0.650924110691157,-0.7218550915757785,-0.36415537027633466,1.1973855862920597,0.06445490929688794,0.27391760190345943,-0.3344190627708954
AL,2022,1.2646377713034163,-1.4088382187947879,-0.3167250865094913,0.0,0.0,2.257357641054741e-16,0.0,3.0366463628323904e-16,0.0,-7.505752365952164e-16,4.727690210316963e-16,0.0,6.135152441222987e-16,0.0,0.0,0.0,1.9741898968474384e-16,0.0,-0.660475329968684,0.20053595524578743,0.4344945957905899,-0.4241706759356143,0.4066109580156389,0.559052734645644,-7.978394017264205e-16,0.0
AR,2019,2.068212482400985,-1.4088382187947879,-0.7217677452187446,1.6889321722999264,0.45065587444552924,-0.3209916780160344,2.317447455881539,1.263647563157173,-3.0896754973010516,1.061151149399869,0.9942642407986007,-2.1148203067414424,0.6092303007510675,-0.8981976552581821,-1.48907091044516,1.1533217839868097,-2.04207133632423,-1.7026474154075664,-0.07499241092667684,0.20053595524578743,0.4344945957905899,-0.4241706759356143,0.4066109580156389,0.559052734645644,1.3265980410587153,0.08887220510706204
AR,2020,1.1498413840037638,-0.8989385988468663,-0.49031479738488554,1.1731286373262153,-1.079533845709064,2.257357641054741e-16,2.368252080834546,1.2198848769872277,-2.24957666546269,1.3197433616219145,0.38532379813071044,-1.6777668553103624,0.07475726063835694,-0.9262526834193284,-1.0132072921438162,-0.22615687038416898,-0.56617182961331,-1.4806427416313646,-3.197567979150715,-0.5241109093813993,0.6769550141093474,0.7236220447980417,-1.5435463921959303,-1.7067400058033861,0.9897403005290335,0.44586484066678295
AR,2021,1.4942305459027216,-0.38903897889894484,-1.1846736408864627,1.082863018705816,-0.7966416285376267,4.905088517656791,2.4659532826672503,0.25710578124843136,-2.638009458678275,1.6527019616725236,0.12556598692273183,-1.730447405259644,0.20945482809810317,-0.9783548785757491,-0.9182373512754366,-0.3034727831660234,-0.9751560302681439,-1.5163220642025401,1.0959734271573374,0.07372275393602976,0.9007646310189638,1.0537062259240682,0.8980884162272786,0.43206140111015234,0.8072756910754557,0.884455792925872
AR,2022,1.609026933202374,-1.791262933755729,0.20404404611669155,0.0,0.0,2.257357641054741e-16,0.0,3.0366463628323904e-16,0.0,-7.505752365952164e-16,4.727690210316963e-16,0.0,6.135152441222987e-16,0.0,0.0,0.0,1.9741898968474384e-16,0.0,0.3153295351013279,0.20053595524578743,0.4344945957905899,-0.4241706759356143,0.4066109580156389,0.559052734645644,-7.978394017264205e-16,0.0
AZ,2019,-0.055520682642588866,-0.38903897889894484,1.3613087852859869,0.5928496604807904,-0.28229214277137676,2.257357641054741e-16,-0.1172664937894586,-0.4759192120981566,0.3249197546871274,-1.0853332265609057,-1.330781085751522,0.28702254464989746,-0.08929746896005157,-1.1747400757037934,-0.30346752052959586,0.12786862498537432,-1.3130125438525706,-0.6441608457960313,-0.07499241092667684,0.20053595524578743,0.4344945957905899,-0.4241706759356143,0.4066109580156389,0.559052734645644,0.6528825599993515,-1.5609437606582273
AZ,2020,-0.39990984454154677,1.0131849759578393,1.1298558374521277,-1.6251055399061676,1.273615051671529,2.257357641054741e-16,-0.3165769455281761,-0.4978005551831268,-0.2577294351362527,-0.7523746265102973,-0.7771988651443514,0.0977627911284028,-0.5888009482899428,-1.23886585435785,-0.38796035048366967,-0.6656367956704985,0.21623272816115344,-0.6124458923994316,-1.245958249010691,-2.915445562651115,-0.5166962760752971,1.0537062259240648,-1.4159512828525214,-0.7442793726922939,-1.6770501453309483,-0.9285568062381472
AZ,2021,-0.5721044254910257,-0.006614263938003691,-0.08527213867563226,-1.199567623552856,-0.5008906742220329,2.257357641054741e-16,-0.25404817635524557,-1.405876293209495,-0.13577960470810335,-0.5918108346077193,-1.3989142821339424,-0.07393677907666472,-0.538289360492538,-1.3931685092441661,-0.10710618371632813,-0.8813074997461974,-0.4772622207753031,-0.259617035862253,-0.660475329968684,0.7983696185632164,0.7329074183367484,0.2885110787682932,0.5909150048450038,0.2048137516255889,-1.1717635345364255,-0.7271109618865892
AZ,2022,-0.11291887629241518,-1.1538884088208272,1.2848219590125777e-17,0.0,0.0,2.257357641054741e-16,0.0,3.0366463628323904e-16,0.0,-7.505752365952164e-16,4.727690210316963e-16,0.0,6.135152441222987e-16,0.0,0.0,0.0,1.9741898968474384e-16,0.0,1.486295373185342,0.20053595524578743,0.4344945957905899,-0.4241706759356143,0.4066109580156389,0.559052734645644,-7.978394017264205e-16,0.0
CA,2019,-1.0886881683394625,0.6307602609968982,-0.6060412713018151,-2.140909074879879,0.8621354630585291,2.257357641054741e-16,-1.0981865601898124,-0.1586397373660536,1.2914850773398645,-1.4132213910777482,-0.8921736340396859,0.9835764828681818,0.057056618760634045,0.3883257789887999,1.0720757511227266,0.5225867060295776,0.2340146499287537,1.6194939528863146,-0.07499241092667684,0.20053595524578743,0.4344945957905899,-0.4241706759356143,0.4066109580156389,0.559052734645644,-2.070050842615577,-1.4155967590374832
CA,2020,-0.5721044254910257,-0.006614263938003691,1.2848219590125777e-17,-2.1151188981311932,0.0,2.257357641054741e-16,-1.215428002389058,-0.23522443816345684,1.8967175690943838,-1.2475871636414049,-0.5855742503187893,1.5591602693510789,-0.5831885496457869,0.5526480867898145,0.9331695386782297,-0.6859830885078285,1.2120203471468345,0.8385132254950328,1.6814563461993446,0.23676829847714675,-0.12502944648346132,0.311016818390521,-1.929482216753145,-1.4260223211459842,-2.1683010169367343,-1.0892034922400224
CA,2021,-0.9738917810398099,1.3956096909187805,0.08831757219976202,-2.4374961074897628,-0.2308571941947518,2.257357641054741e-16,-1.4147384541277757,-0.20240242353599658,1.5805513420584416,-1.2915309382673734,-0.692032369666323,1.1240579493996006,-0.6574449009376981,0.19795237360957207,1.0980995427485811,-0.9626926710955176,0.8919457553300089,0.3271096019748529,-1.4411192220246936,-0.25236833514620427,-0.5166962760752971,-0.6192204193282626,0.13566825669383806,0.10455743567651682,-2.420944322333996,-1.0254548073186434
CA,2022,-0.9738917810398099,0.6307602609968982,-0.08527213867563226,0.0,0.0,2.257357641054741e-16,0.0,3.0366463628323904e-16,0.0,-7.505752365952164e-16,4.727690210316963e-16,0.0,6.135152441222987e-16,0.0,0.0,0.0,1.9741898968474384e-16,0.0,-0.07499241092667684,0.20053595524578743,0.4344945957905899,-0.4241706759356143,0.4066109580156389,0.559052734645644,-7.978394017264205e-16,0.0
CO,2019,-1.0312899746896362,0.2483355460359571,0.5512234678674801,-0.18085564197977644,-1.8639168115025948,2.257357641054741e-16,0.23054978473496954,0.5525039128955592,0.1081200561481958,0.3056562548687927,0.24054075581806625,0.5387185055186903,-0.11174706353667574,-0.4833840245897622,-0.23925296976449953,-0.4987971944043919,0.4473977111399728,0.057532498103750024,-0.07499241092667684,0.20053595524578743,0.4344945957905899,-0.4241706759356143,0.4066109580156389,0.559052734645644,0.0493457748836715,0.3107176286334597
CO,2020,-1.0312899746896362,0.3758104510229375,2.055667628787564,0.05125594875839359,1.067875257365029,2.257357641054741e-16,0.04296347721617747,0.7275546575753408,1.0882353599596162,0.8329815503804164,0.9090977453205741,2.7181323682352834,-0.5210204415874427,-0.6256630959784484,0.4302682147915813,-1.1620863409013524,0.9808553641680158,-0.009861777864025598,-0.07499241092667684,0.5266270443280214,-0.4607438718478879,1.9164262447761635,-1.086724395781265,-0.5303992320009402,0.3019890802809329,1.2286986915013174
CO,2021,-0.7442990064405046,-0.13408916892498407,1.7084882070367753,-0.5677082932100598,0.36064471443643553,2.257357641054741e-16,-0.1289906380093836,0.45403786901318205,0.5326861324536035,0.8718548894726189,0.8196729250686486,1.8752435690467708,-0.48691432674987856,-0.6877849440495617,0.5941843049024849,-1.2841640979253328,0.42961578937237094,-1.1198851467450364,0.900812454143335,-0.6690402823068367,-0.386140666211356,-0.2516266721651973,0.5310555708320485,0.3585401027474998,-0.4419050967221146,1.399545167090613
CO,2022,-0.6869008127906783,1.0131849759578393,1.2848219590125777e-17,0.0,0.0,2.257357641054741e-16,0.0,3.0366463628323904e-16,0.0,-7.505752365952164e-16,4.727690210316963e-16,0.0,6.135152441222987e-16,0.0,0.0,0.0,1.9741898968474384e-16,0.0,0.12016856208732553,0.20053595524578743,0.4344945957905899,-0.4241706759356143,0.4066109580156389,0.559052734645644,-7.978394017264205e-16,0.0
CT,2019,-0.8590953937401572,0.6307602609968982,-0.2588618495510266,-0.3355967024718898,-0.12798729704150183,2.257357641054741e-16,-1.2310601946822908,-1.2636475631571713,0.41976962279790975,-1.5416724245998104,-2.3016791342010237,-0.21246711412848035,1.0133230031303055,0.837206229567184,-0.06992933853653582,0.7626729615100724,-1.4552679179933838,-1.250709329506013,-0.07499241092667684,0.20053595524578743,0.4344945957905899,-0.4241706759356143,0.4066109580156389,0.559052734645644,-0.16119031294737968,-1.5226945497053999
CT,2020,-0.8590953937401572,0.6307602609968982,-1.358263351761857,-0.4258623210922892,-0.346585828492158,2.257357641054741e-16,-1.621865002013109,-0.43215652592821113,0.6139860194057026,-1.2898407930894518,-1.6160888456029114,0.43335740562012526,0.5259077670339808,0.9494263422117779,0.22241585310456038,-0.3604424031105475,0.37627002406956694,-0.9375241647145846,-0.07499241092667684,0.07372275393602976,-1.4305855451229121,0.6936143919684068,-1.3718443314745556,-1.2856634788172834,-0.2594404872685369,-0.8877576478884652
CT,2021,-0.9164935873899835,0.5032853560099179,0.1461808091582268,-1.0706167398094282,0.8749942002026854,2.257357641054741e-16,-1.6804857231127317,-1.351172935497062,0.47848620781887075,-1.7191376682816066,-2.0632129468625493,0.18166144475133375,0.7409058074024217,0.568679531453328,0.44074532570588704,-0.2953342660310912,-0.2816610813316882,-1.2507093295060125,-0.2701533839406792,-0.7052726255381959,0.1547325746535643,-2.3296566306176367,1.1910845932380634,0.665992804991321,-0.9471917075166374,-1.4971950757368482
CT,2022,-0.629502619140852,-0.6439887888729056,-0.3167250865094913,0.0,0.0,2.257357641054741e-16,0.0,3.0366463628323904e-16,0.0,-7.505752365952164e-16,4.727690210316963e-16,0.0,6.135152441222987e-16,0.0,0.0,0.0,1.9741898968474384e-16,0.0,0.900812454143335,0.20053595524578743,0.4344945957905899,-0.4241706759356143,0.4066109580156389,0.559052734645644,-7.978394017264205e-16,0.0
DC,2019,-0.6869008127906783,-2.04621274372969,3.733701500583042,-1.6895809817778815,0.0,2.257357641054741e-16,-2.2276124533758774,-0.946368088425069,3.6220818366333836,-2.126462656160777,-1.9865631009323255,3.363956887983889,-1.060242434399054,-1.3611056199171394,0.6979415000860878,0.7667422200775383,0.8385999900272041,2.404439049452173,-0.07499241092667684,0.20053595524578743,0.4344945957905899,-0.4241706759356143,0.4066109580156389,0.559052734645644,-1.6770501453309483,-1.754739762819219
DC,2020,-0.8590953937401572,-0.26156407391196446,2.692163235330676,-1.8443220422699949,0.0,2.257357641054741e-16,-2.1611756361296384,-2.5765281482555333,4.222797668001675,-1.5146301017530603,-2.8722946539038015,4.450737122122782,-1.331796184181683,-1.4452707044005868,0.5688364559162628,-0.2342953875191012,0.10954119755554467,0.9653730390814338,-0.660475329968684,-0.016858104142368574,0.7515582197458855,2.2915219051466376,-0.5842201997251332,-1.085150846919139,-1.803371798029579,-0.8750079109041891
DC,2021,-0.7442990064405046,0.3758104510229375,2.518573524455282,-1.8572171306443377,0.0,2.257357641054741e-16,-2.626233356853312,-0.902605402255123,2.8948995144507164,-1.7292785393491379,-1.2456145902734945,3.771743367220924,-1.1733538532274306,-1.2769405354336918,0.8618575901969909,-0.2790572317612271,1.1586745818440312,1.2944156805711617,0.3153295351013279,0.18241978363010775,-1.7849507718964779,-1.3769136532766255,0.9847270707197134,0.48553143628299145,-1.8454790155957892,-0.8954074900790304
DC,2022,-1.1460863619892887,-0.13408916892498407,3.0972058940399294,0.0,0.0,2.257357641054741e-16,0.0,3.0366463628323904e-16,0.0,-7.505752365952164e-16,4.727690210316963e-16,0.0,6.135152441222987e-16,0.0,0.0,0.0,1.9741898968474384e-16,0.0,-1.4411192220246936,0.20053595524578743,0.4344945957905899,-0.4241706759356143,0.4066109580156389,0.559052734645644,-7.978394017264205e-16,0.0
DE,2019,0.6906558348051532,1.905509310866702,1.0141293635351982,0.3478429813682775,1.2607563145273728,2.257357641054741e-16,-0.398645955067648,-2.959451652242556,0.16231998078292884,-1.0498401778245465,-1.5607306235421927,-0.1402752493831681,-0.6103870969213123,-1.2528933684384203,-1.0013782959502455,1.17366807682414,-2.6466566764226807,-1.0088828098569353,-0.07499241092667684,0.20053595524578743,0.4344945957905899,-0.4241706759356143,0.4066109580156389,0.559052734645644,0.2037389059597757,-1.3237986527506975
DE,2020,-0.5147062318411993,2.287934025827643,-1.1846736408864627,-0.8642953258199437,-1.7481881772051886,2.257357641054741e-16,-0.6995656567123779,-0.7275546575753427,-0.5332457186961451,-0.4582893655518921,-1.3989142821339424,-0.3802644213743418,-1.167309731610647,-0.71984783337659,-1.1075012903725623,-0.494727935836926,-0.1216237854232739,-1.084205824173861,-4.173372844220727,-1.5023841766281012,-1.0016171127128062,2.2014989466577246,-1.6254593018978694,-2.1812865679623283,-0.8208700548180068,-0.23497111429354436
DE,2021,-0.45730803819137306,0.7582351659838786,0.4354969939505506,-0.3355967024718898,0.8749942002026854,2.257357641054741e-16,-0.35956547433456615,-0.782258015287772,0.08553675421705652,-0.41603573610384553,-0.2960081656934991,-0.5909866211714702,-1.0852823668114426,-0.6016159289831754,-0.9317562040680889,-0.7307449327499548,0.09175927578794361,-0.778949397731583,0.12016856208732553,0.9432989914886537,2.057114318385336,-0.23662284575037656,0.70590812808042,0.17139497964256498,-0.2594404872685369,-0.3930678528985644
DE,2022,0.11667389830689007,-1.4088382187947879,1.2455823113690572,0.0,0.0,2.257357641054741e-16,0.0,3.0366463628323904e-16,0.0,-7.505752365952164e-16,4.727690210316963e-16,0.0,6.135152441222987e-16,0.0,0.0,0.0,1.9741898968474384e-16,0.0,1.8766173192133468,0.20053595524578743,0.4344945957905899,-0.4241706759356143,0.4066109580156389,0.559052734645644,-7.978394017264205e-16,0.0
FL,2019,0.288868479256369,-0.771463693859886,-1.4161265887203218,-0.47744267458966033,-0.346585828492158,-1.5282320879586933,-0.41818619543418895,-0.6072072706079927,-0.6280955868069279,-0.7878676752466567,-0.8964319588135867,-0.9538970763776352,1.7666795903651034,0.3522550284958926,0.21633236934786684,2.5816315411673805,-1.3485763873877743,0.8504063330187588,-0.07499241092667684,0.20053595524578743,0.4344945957905899,-0.4241706759356143,0.4066109580156389,0.559052734645644,-0.5962982277982188,-0.9158070692538717
FL,2020,0.059275704657063756,0.3758104510229375,-1.589716299595716,0.6831152791011897,0.4635146115896855,-0.6704560072099619,-0.5979564068063651,-0.333690482045834,-0.45194583174404557,-0.4194160264596889,-0.3641413620759203,-0.5870843582122641,1.1229806381776626,0.3342196532494418,0.3951191975306873,0.7586037029426065,-0.3883526119372946,0.013924437183424829,-0.8556363029826864,1.8309914006569574,-0.4234422690296199,1.2112464032796662,-1.9420842028611376,-2.4352692350333105,0.7230612559430353,-0.24262095648410956
FL,2021,0.0,0.0,1.2848219590125777e-17,0.0,0.0,2.257357641054741e-16,-0.7581863778120003,-0.6619106283204245,-0.14932958586678713,-0.454909075196048,-0.6792573953446185,-0.7978065580093916,1.3297759420661832,-0.2709673827982045,0.5948602475421173,0.5632792917042376,-0.8684644996625344,0.13681988159525052,-0.07499241092667684,0.20053595524578743,-0.3301882619839447,-0.581710853291214,1.1611548762315858,0.23823252360861283,-7.978394017264205e-16,-0.1916220085470063
FL,2022,0.059275704657063756,0.6307602609968982,-0.9532206930526036,0.0,0.0,2.257357641054741e-16,0.0,3.0366463628323904e-16,0.0,-7.505752365952164e-16,4.727690210316963e-16,0.0,6.135152441222987e-16,0.0,0.0,0.0,1.9741898968474384e-16,0.0,-0.07499241092667684,0.20053595524578743,0.4344945957905899,-0.4241706759356143,0.4066109580156389,0.559052734645644,-7.978394017264205e-16,0.0
GA,2019,0.5184612538556742,0.3758104510229375,-1.7633060104711102,1.4310304048130709,0.8492767259143729,1.188058834412289,0.3477912269342151,-0.04923302194118645,-1.5720776075285272,-0.7777268041791251,-1.0071484029350222,-1.0007242318881078,0.969718982894939,0.4544554882257938,-0.6164289626794851,1.8166109304837703,-0.9218102649653391,-0.6877689067163572,-0.07499241092667684,0.20053595524578743,0.4344945957905899,-0.4241706759356143,0.4066109580156389,0.559052734645644,1.4248482153798725,-1.400297074656352
GA,2020,0.059275704657063756,0.12086064104897669,-1.1846736408864627,-0.02611458148766309,0.6563956687520291,-1.2581914699452037,0.2774463616146678,1.033893460764961,-1.1023449273608414,-0.5630783665830477,-0.5046660796146646,-0.89926539494875,0.35580891581878876,0.5987384901974173,-0.3558530751011211,0.3435393290610728,0.6607807723511887,-0.6164102615740062,-1.6362801950386958,-1.846591437326015,0.09878017042615916,0.5285723014053969,-1.8333920726797155,-1.8604663569252977,-0.04890439943748572,-1.0305547021123536
GA,2021,0.059275704657063756,-1.4088382187947879,-1.2425368778449275,-0.21954090710280477,-1.928210497223376,-1.9253506438608836,0.2579061212481273,-0.34463115358831914,-1.3462445882171385,-0.3382890579194391,-0.5898325750926912,-1.2680292445937245,0.5582869899810351,-0.17878657598300166,-0.2892727250973109,0.3109852605213447,-0.032714176585267,-0.5133366630350553,-0.07499241092667684,-0.07120661898940757,0.34124058874491675,0.5735837806498542,1.145402393596596,0.5055826994728054,-0.2594404872685369,-0.6786619613463419
GA,2022,0.288868479256369,-2.3011625537036506,-0.14313537563409703,0.0,0.0,2.257357641054741e-16,0.0,3.0366463628323904e-16,0.0,-7.505752365952164e-16,4.727690210316963e-16,0.0,6.135152441222987e-16,0.0,0.0,0.0,1.9741898968474384e-16,0.0,0.7056514811293327,0.20053595524578743,0.4344945957905899,-0.4241706759356143,0.4066109580156389,0.559052734645644,-7.978394017264205e-16,0.0
GU,2019,-1.547873717538073,2.0329842158536824,1.2848219590125777e-17,0.8765416047163315,3.2924367833040598,2.257357641054741e-16,0.0,3.0366463628323904e-16,0.0,-7.505752365952164e-16,4.727690210316963e-16,0.0,6.135152441222987e-16,0.0,0.0,0.0,1.9741898968474384e-16,0.0,-0.07499241092667684,0.20053595524578743,0.4344945957905899,-0.4241706759356143,0.4066109580156389,0.559052734645644,1.3265980410587153,0.0
GU,2020,-1.375679136588594,-0.8989385988468663,1.2848219590125777e-17,-1.5606300980344538,0.0,2.257357641054741e-16,0.0,3.0366463628323904e-16,0.0,-7.505752365952164e-16,4.727690210316963e-16,0.0,6.135152441222987e-16,0.0,0.0,0.0,1.9741898968474384e-16,0.0,0.5104905081153304,-3.2234204801176696,0.4344945957905899,-0.4241706759356143,0.4066109580156389,0.559052734645644,-1.36826388317874,0.0
GU,2022,-0.3425116508917204,0.0,1.2848219590125777e-17,0.0,0.0,2.257357641054741e-16,0.0,3.0366463628323904e-16,0.0,-7.505752365952164e-16,4.727690210316963e-16,0.0,6.135152441222987e-16,0.0,0.0,0.0,1.9741898968474384e-16,0.0,3.437905103325366,0.20053595524578743,0.4344945957905899,-0.4241706759356143,0.4066109580156389,0.559052734645644,-7.978394017264205e-16,0.0
HI,2019,-1.2034845556391152,1.5230845959057608,1.2848219590125777e-17,-1.7024760701522244,1.2864737888156852,2.257357641054741e-16,-2.4738194819942927,1.2855289062421453,0.0,-2.579421563843838,-0.3385914134325128,0.0,-1.1245691573205354,1.4864797384394914,-1.4782558282110383,-0.13256392333245082,1.5676587824988635,0.0,-0.07499241092667684,0.20053595524578743,0.4344945957905899,-0.4241706759356143,0.4066109580156389,0.559052734645644,-1.5647642318210542,-2.2774789791745267
HI,2020,-1.6626701048377257,1.5230845959057608,1.2848219590125777e-17,-1.5864202747831393,0.0,2.257357641054741e-16,-2.4972677704341417,0.8697833876276639,0.0,-2.5135059019048853,-0.445049532780046,0.0,-1.5947154745117644,1.2039255262450608,-1.7013168992897933,-1.1620863409013524,1.9055152960832906,0.0,-1.6362801950386958,0.3635814997869044,0.32258978733577964,-0.13159606084664296,-1.3088344009346011,-1.1319371276953727,-1.3261566656125297,-2.1627313463160447
HI,2021,-1.7774664921373782,1.5230845959057608,1.2848219590125777e-17,-2.540656814484505,2.16086791461831,2.257357641054741e-16,-2.4151987608946706,1.4277576362944684,0.0,-2.330970222689323,-0.6196408485099999,0.0,-1.581332062360315,1.4644365020271601,-1.876048071634818,-1.1498785651989545,1.7810418437100801,0.0,-0.46531435695468154,-1.1400607443145079,0.8261614253824257,0.3860359504646164,0.4554436541841034,0.5791039978354583,-2.3367298872015754,-1.9408859227896456
HI,2022,-1.7774664921373782,1.3956096909187805,1.2848219590125777e-17,0.0,0.0,2.257357641054741e-16,0.0,3.0366463628323904e-16,0.0,-7.505752365952164e-16,4.727690210316963e-16,0.0,6.135152441222987e-16,0.0,0.0,0.0,1.9741898968474384e-16,0.0,-0.07499241092667684,0.20053595524578743,0.4344945957905899,-0.4241706759356143,0.4066109580156389,0.559052734645644,-7.978394017264205e-16,0.0
IA,2019,-0.3425116508917204,0.5032853560099179,3.7915647375415067,0.37363315811696307,-0.5008906742220329,2.257357641054741e-16,0.48066486142669346,1.5590456948043034,0.0,0.3563606102064485,1.8203792469354572,1.2372235752165774,-0.6673745293081284,1.9473837725155099,2.457420191049722,-0.51100497010679,0.7141265376539935,2.4401183720233477,-0.07499241092667684,0.20053595524578743,0.4344945957905899,-0.4241706759356143,0.4066109580156389,0.559052734645644,0.48445368973451064,0.22401941714038362
IA,2020,-0.28511345724189413,1.5230845959057608,1.2848219590125777e-17,1.0312826652084448,0.283492291571498,2.257357641054741e-16,0.007791044556403362,2.10607927192862,0.0,0.6994600813245885,2.139753604978057,1.892803752363197,-1.091326488428226,1.2780709578138114,2.0842998539725315,-1.2882333564927988,1.336493799520045,-0.667947060843482,0.12016856208732553,1.1244607076454505,-1.8222523747147479,1.098717705168524,-1.1402828367402238,-0.7175443551058748,1.186240649171348,1.050202373721456
IA,2021,-0.11291887629241518,0.12086064104897669,1.2848219590125777e-17,0.11573139063010748,-0.5137494113661892,2.257357641054741e-16,0.10158419831579983,1.5043423370918716,3.0620159487411427,0.6572064518765419,2.714627449454735,4.487808620235241,-1.1711952383642936,0.8732769800600899,2.2343591199709674,-1.3004411321951967,0.8919457553300081,0.22403600343590196,0.5104905081153304,-1.085712229467469,0.8821138296098308,-0.6117185061208521,0.11519002926835271,0.5390014714558297,0.1475959492048287,0.9252549512755534
IA,2022,-0.1703170699422415,-0.006614263938003691,2.692163235330676,0.0,0.0,2.257357641054741e-16,0.0,3.0366463628323904e-16,0.0,-7.505752365952164e-16,4.727690210316963e-16,0.0,6.135152441222987e-16,0.0,0.0,0.0,1.9741898968474384e-16,0.0,-0.2701533839406792,0.20053595524578743,0.4344945957905899,-0.4241706759356143,0.4066109580156389,0.559052734645644,-7.978394017264205e-16,0.0
ID,2019,-0.801697200090331,0.7582351659838786,1.2848219590125777e-17,-0.3355967024718898,-0.2694334056272205,2.257357641054741e-16,0.9848030628834491,-0.2899277958758862,0.0,0.24481102846360614,-0.33859141343251237,0.0,-1.221275103189071,-0.6797692217178051,-1.2220735677902865,-0.9057230511509935,0.21623272816115344,0.0,-0.07499241092667684,0.20053595524578743,0.4344945957905899,-0.4241706759356143,0.4066109580156389,0.559052734645644,-0.17522605213611644,-0.2732203252463709
ID,2020,-0.5147062318411993,0.885710070970859,1.2848219590125777e-17,-1.0706167398094282,-0.48803193707787673,2.257357641054741e-16,0.05077957336279298,1.012012117679987,0.0,0.08424723656102823,0.43642369541752823,0.0,-1.4889433462180535,-0.970339156243991,0.023012774412945414,-1.4428651820565073,0.5896530852807836,0.0,0.900812454143335,-0.8320858268479536,-4.023046940992683,-1.1368524306395218,-0.5700429653536431,-0.3232028457061908,-1.0454418818377946,0.0939720999007718
ID,2021,-0.5147062318411993,-0.13408916892498407,1.2848219590125777e-17,-0.8256100606969153,0.9650053602117791,2.257357641054741e-16,0.39859585188722113,-0.10393637965361942,0.0,0.5186145472869489,0.5088152165738503,0.0,-1.5670852042636112,-0.8881780023434837,-0.7188342725838226,-1.4184496306517111,0.19845080639355236,0.0,-0.07499241092667684,0.544743215943701,2.0944159212036064,1.5038210183686376,0.12149102232234794,0.5991552610252728,-0.7787628372517965,0.5223632625724389
ID,2022,-0.3425116508917204,1.0131849759578393,1.2848219590125777e-17,0.0,0.0,2.257357641054741e-16,0.0,3.0366463628323904e-16,0.0,-7.505752365952164e-16,4.727690210316963e-16,0.0,6.135152441222987e-16,0.0,0.0,0.0,1.9741898968474384e-16,0.0,0.5104905081153304,0.20053595524578743,0.4344945957905899,-0.4241706759356143,0.4066109580156389,0.559052734645644,-7.978394017264205e-16,0.0
IL,2019,-0.45730803819137306,0.3758104510229375,0.4933602309090154,0.06415103713273636,3.2795780461599033,-0.25745270907168394,-0.4572666761672708,-0.01641100731372983,1.006935473007517,-1.1225164204751863,-1.2711645389169035,0.36311667235441586,0.7845098276377884,0.5847109761168442,0.9051179191334767,1.491070245086489,-1.0285017955709457,1.8454629958370918,-0.07499241092667684,0.20053595524578743,0.4344945957905899,-0.4241706759356143,0.4066109580156389,0.559052734645644,0.17566742758230222,-1.3951971798626412
IL,2020,-0.2277152635920678,-0.13408916892498407,0.7826764157013392,-0.8900855025686293,-1.3109911143038764,2.257357641054741e-16,-0.5784161664398242,-0.06017369348367402,1.2056685300015382,-0.61885315745447,-0.5429910025797761,1.3562425954723627,0.13131297005254527,0.6568524771026559,0.9571655023851859,-0.10000985479272269,0.8741638335624062,1.0367316842237844,0.7056514811293327,-1.1400607443145079,-0.1436802478925943,1.8113994598724248,-1.976739664658112,-2.054295234426837,-0.9191202291391639,-0.5562644862972953
IL,2021,-0.6869008127906783,1.5230845959057608,0.6669499417844097,0.07704612550707914,1.5822247431312788,2.257357641054741e-16,-0.8207151469849316,0.18052108045102447,1.2960017377260933,-0.9247694346583281,-0.5515076521275797,0.8235837015407329,0.2755084429100941,0.23803098526835847,1.3454945488541092,-0.24650316322149898,-0.08605994188807019,1.330095003142338,-1.6362801950386958,1.5592488264217623,-0.7218550915757826,-1.7820169664767394,0.9327438780242531,0.31843757636787123,0.24584612352598595,-0.8597082265230587
IL,2022,-0.5147062318411993,-0.38903897889894484,2.807889709247606,0.0,0.0,2.257357641054741e-16,0.0,3.0366463628323904e-16,0.0,-7.505752365952164e-16,4.727690210316963e-16,0.0,6.135152441222987e-16,0.0,0.0,0.0,1.9741898968474384e-16,0.0,0.5104905081153304,0.20053595524578743,0.4344945957905899,-0.4241706759356143,0.4066109580156389,0.559052734645644,-7.978394017264205e-16,0.0
IN,2019,1.2646377713034163,-1.6637880287687488,-1.0110839300110683,1.4568205815617565,0.16776365727409182,1.5851773903144795,1.8641138793777896,1.1104781615623642,0.004236867264955971,1.4008703301621643,0.8409645489381529,-0.5031857045893344,1.5102361446244323,1.2239648320744547,0.6611026262261119,2.056697185964265,-0.6372995166837159,0.9614086699068589,-0.07499241092667684,0.20053595524578743,0.4344945957905899,-0.4241706759356143,0.4066109580156389,0.559052734645644,1.2704550843037683,0.8972055299101469
IN,2020,0.8628504157546322,-0.771463693859886,-0.2588618495510266,1.1473384605775299,-0.2051397199064393,0.9656724431070625,1.621814898832683,1.460579650921925,0.29330313198353214,1.8994631576491157,1.577654734823082,0.1465410781184786,0.8708544221632667,1.8672265491979427,0.7685775059276937,0.19297676206483025,0.48296155467517493,0.14871298911897607,-1.4411192220246936,-0.23425216353052458,-0.7218550915757785,1.7888937202501987,-1.9263317202261456,-2.502106778999359,1.0318475180952438,1.8075367505874376
IN,2021,0.9776468030542848,-0.8989385988468663,0.6090867048259448,0.4123184232399914,0.45065587444552924,2.681224604604525,1.3951481105808081,0.7275546575753408,-0.14481292548055838,1.5563636865309756,0.5428818147650609,-0.3373395288230745,1.1536329692342078,0.9674617174582344,1.3901067630698605,0.15228417639017025,-0.40613453370489727,0.7235465194323564,0.3153295351013279,-0.8320858268479536,-0.6472518859392425,-1.9470590570397523,1.4383985706073807,0.4922151906795961,0.2037389059597757,1.4377943780434395
IN,2022,1.1498413840037638,-0.006614263938003691,-0.027408901717167502,0.0,0.0,2.257357641054741e-16,0.0,3.0366463628323904e-16,0.0,-7.505752365952164e-16,4.727690210316963e-16,0.0,6.135152441222987e-16,0.0,0.0,0.0,1.9741898968474384e-16,0.0,0.5104905081153304,0.20053595524578743,0.4344945957905899,-0.4241706759356143,0.4066109580156389,0.559052734645644,-7.978394017264205e-16,0.0
KS,2019,-0.055520682642588866,-1.9187378387427094,0.26190728307515626,0.4638987767373625,-0.873794051402564,2.257357641054741e-16,1.0121593993966058,-0.30086846741837375,-1.106861587747069,0.023402010155840883,-0.7857155146921532,-0.19685806229165648,-0.4342441240893369,0.2881292498418361,0.8094720356254647,-0.6656367956704985,0.25179657169635555,0.029781913881724645,-0.07499241092667684,0.20053595524578743,0.4344945957905899,-0.4241706759356143,0.4066109580156389,0.559052734645644,0.5125251681119841,-0.6251130660123833
KS,2020,-0.1703170699422415,-0.26156407391196446,1.9399411548706345,1.3278696978183286,-0.5909018342311266,2.257357641054741e-16,0.5392855825263159,0.6181479421504797,1.4224682285404704,0.30227596451294936,1.0751724115027264,1.5806227156267125,-0.9026635493900563,0.14184231728727514,0.5789755955107517,-1.2882333564927988,1.0164192077032188,-0.9969897023332103,-0.46531435695468154,1.414319453496325,-1.8222523747147479,0.8136450032869595,-1.302533407880606,-0.46356168803489206,1.4809911721348195,0.10417188948819243
KS,2021,-0.1703170699422415,0.3758104510229375,-0.2588618495510266,-0.206645818728462,-0.873794051402564,0.9339029586348873,0.2500900251015109,-0.6728512998629073,1.2101851903877654,0.1315713015428406,-0.2789748665978947,0.794316729346688,-0.8961877048006455,-0.46534864934330855,1.0521354432535654,-1.361480010707187,0.7852542247244001,-0.8344505661756336,-0.07499241092667684,-1.955288467020093,-0.945664708485399,-1.1818639098839774,0.4302396819681213,0.4387451555067576,-0.18926179132485318,0.03532330977310279
KS,2022,0.17407209195671638,0.7582351659838786,-1.3004001148033921,0.0,0.0,2.257357641054741e-16,0.0,3.0366463628323904e-16,0.0,-7.505752365952164e-16,4.727690210316963e-16,0.0,6.135152441222987e-16,0.0,0.0,0.0,1.9741898968474384e-16,0.0,1.0959734271573374,0.20053595524578743,0.4344945957905899,-0.4241706759356143,0.4066109580156389,0.559052734645644,-7.978394017264205e-16,0.0
KY,2019,2.068212482400985,-0.38903897889894484,-2.1683486691803635,1.7534076141716404,-0.3851620399246268,2.257357641054741e-16,2.610551061379653,0.8260207014577191,-1.3914111920794172,2.4960844054555356,2.0375538104044253,-0.7197612988252704,2.653870299114392,-0.7980011261112182,-0.4754949223160903,2.833925572350274,-3.393497390661941,-1.8969015049617441,-0.07499241092667684,0.20053595524578743,0.4344945957905899,-0.4241706759356143,0.4066109580156389,0.559052734645644,1.3967767370023991,2.062531490272955
KY,2020,2.871787193498553,-2.428637458690631,-0.49031479738488554,1.7018272606742693,-0.4365969885012517,2.257357641054741e-16,1.9227346004774128,1.1980035339022574,-0.7590787380075318,2.688760955738628,1.4882299145711546,-0.723663561784476,1.788265738996473,-1.0444845878127431,0.021322917813864035,0.6731492730258202,-2.486619380514268,-0.8542724120485087,2.6572612112693563,0.12807126878306876,-2.848046452217173,0.4310474297090687,-2.751761810299541,-2.99002084995151,1.1441334316051377,2.802016235360949
KY,2021,2.29780525700029,-0.8989385988468663,-1.9368957213465046,0.3478429813682775,-3.1883667373506883,2.257357641054741e-16,2.0907806676296654,-0.4540378690131802,-1.8566272118608762,3.300593510146346,1.181630530850259,-1.7714211663313093,2.052911921217063,-1.0464885183956834,0.3072466543784502,0.49410189605731536,-1.7931244315778105,-1.3894622506161387,-2.0266021410667006,-1.7016620644005775,1.2364790563833987,2.2915219051466456,1.3722381435404267,0.2649675411950321,-0.18926179132485318,3.615449454957747
KY,2022,2.4699998379497687,-1.4088382187947879,-0.8374942191356741,0.0,0.0,2.257357641054741e-16,0.0,3.0366463628323904e-16,0.0,-7.505752365952164e-16,4.727690210316963e-16,0.0,6.135152441222987e-16,0.0,0.0,0.0,1.9741898968474384e-16,0.0,0.5104905081153304,0.20053595524578743,0.4344945957905899,-0.4241706759356143,0.4066109580156389,0.559052734645644,-7.978394017264205e-16,0.0
LA,2019,1.20723957765359,-0.6439887888729056,-0.7796309821772094,0.6186398372294759,0.6306781944637166,-1.6076557991391314,-0.007841147736829384,0.3555718251308049,0.08102009383082877,-0.47181052697526704,-0.3343330886586115,0.2577555724558517,1.0590856382288092,0.12180301145788124,-0.8415178616771377,1.9142731361029541,-1.508613683296187,-1.1872794227128118,-0.07499241092667684,0.20053595524578743,0.4344945957905899,-0.4241706759356143,0.4066109580156389,0.559052734645644,0.37216777622461666,-0.7067113827117489
LA,2020,1.0924431903539373,-0.5165138838859252,-0.37458832346795606,-0.01321949311332031,-0.6937717313843766,-3.0055131159148414,0.3008946500545169,0.37745316821578,-0.7048788133727992,0.22959972186230873,0.01484954280129827,-0.3256327399454567,0.5630359426799364,0.2320191935195406,-0.5302462761263299,0.35574710476347093,0.37627002406956694,-0.9295954263654346,-0.46531435695468154,-0.6871564539225162,1.907907907112256,2.689123305139344,-1.4033492967445331,-2.0008251992539976,-0.2875119656460104,0.15007094263158477
LA,2021,1.20723957765359,1.6505595008927414,0.03045433524129726,0.25757736274787807,0.9778640973559353,0.060242135650068356,0.04296347721617747,0.3336904820458358,-0.5964789641033341,0.08593738173894991,0.615273335921383,-0.34709518622109037,0.7283858411962272,-0.1126568667460049,-0.5552561537927355,0.31505451908881094,0.7852542247243993,-0.9890609639840596,0.3153295351013279,0.5809755591750604,-0.7964582972123186,-1.0618332985654249,1.0099310429356956,0.4922151906795961,-0.02083292106001223,0.10162194209133642
LA,2022,1.379434158603069,-2.5561123636776113,0.03045433524129726,0.0,0.0,2.257357641054741e-16,0.0,3.0366463628323904e-16,0.0,-7.505752365952164e-16,4.727690210316963e-16,0.0,6.135152441222987e-16,0.0,0.0,0.0,1.9741898968474384e-16,0.0,0.5104905081153304,0.20053595524578743,0.4344945957905899,-0.4241706759356143,0.4066109580156389,0.559052734645644,-7.978394017264205e-16,0.0
MA,2019,-0.9738917810398099,0.7582351659838786,1.2848219590125777e-17,0.7218005442242181,1.0421577830767166,2.257357641054741e-16,-0.8715197719379381,-1.2089442054447397,-0.5016290959925513,-1.452094730169951,-1.9482381779672149,-0.5226970193853633,0.37091921986074783,0.40636115423525354,-1.5772814249172131,1.832887964753634,-0.3883526119372946,-1.5995738168686156,-0.07499241092667684,0.20053595524578743,0.4344945957905899,-0.4241706759356143,0.4066109580156389,0.559052734645644,1.0178117789065069,-1.6221424981827506
MA,2020,-1.2034845556391152,-0.26156407391196446,0.1461808091582268,-0.6579739118304593,0.3220685030039668,2.257357641054741e-16,-1.2623245792687563,-0.7931986868302595,0.19845326387275009,-1.2577280347089361,-1.13489814615206,-0.26514766407776225,-0.30515895527374715,-0.04452322692607077,-0.947978827419271,-0.030832459145800472,0.5185253982103787,-1.2348518528077124,-0.8556363029826864,-1.737894407631937,-1.4305855451229121,0.4385493429164824,-2.060227822623551,-2.5021067789993587,-0.42786935753337785,-1.0739038078588914
MA,2021,-0.45730803819137306,-0.26156407391196446,1.2848219590125777e-17,0.06415103713273636,-1.0409576342765954,2.257357641054741e-16,-1.3639338291747687,-0.9573087599675535,0.04488681074100675,-1.3811086326972328,-1.4414975298729547,-0.5441594656609965,-0.22788054317344386,-0.23088877113941952,-1.014559177423081,-0.018624683443402328,0.10954119755554467,-1.1833150535382368,2.462100238255354,1.2150415657238487,-0.05042624084691909,-0.9718103400765119,0.6885803971819329,0.5791039978354585,0.17566742758230222,-1.1937513355110845
MA,2022,-0.5721044254910257,-1.1538884088208272,-0.027408901717167502,0.0,0.0,2.257357641054741e-16,0.0,3.0366463628323904e-16,0.0,-7.505752365952164e-16,4.727690210316963e-16,0.0,6.135152441222987e-16,0.0,0.0,0.0,1.9741898968474384e-16,0.0,-0.46531435695468154,0.20053595524578743,0.4344945957905899,-0.4241706759356143,0.4066109580156389,0.559052734645644,-7.978394017264205e-16,0.0
MD,2019,-0.6869008127906783,-0.006614263938003691,-0.37458832346795606,-0.8256100606969153,-0.07655234846487685,2.220567079757984,-1.1020946082631211,-0.9573087599675547,-0.11771296316319235,-1.0211077097998742,-1.2924561627864086,-0.5500128600998061,-0.9307255426108366,-0.6296709571443245,-1.2984550860687691,0.701634082998082,0.07397735402034254,-1.377569143092414,-0.07499241092667684,0.20053595524578743,0.4344945957905899,-0.4241706759356143,0.4066109580156389,0.559052734645644,-0.7366556196855862,-0.8214590155702298
MD,2020,-0.9738917810398099,0.5032853560099179,-0.20099861259256177,-1.0706167398094282,0.5535257715987792,-0.4957238426129982,-1.277956771561989,-0.9244867453400969,-0.00027979312127077903,-0.5377261889142194,-1.1434147956998646,-0.21246711412848035,-1.4513834475994705,-0.779965750864766,-1.2105825429165324,-0.5598360729163823,0.7852542247243993,-1.4568565265839146,-1.0507972759966888,-0.14367130545212625,-0.40479146762048485,1.7213765013835134,-1.493138447763966,-1.5129111283018466,-0.9331559683279007,0.022573572788827826
MD,2021,-0.9738917810398099,-0.8989385988468663,-0.6639045082602798,-0.967456032814686,0.643536931607873,0.4732454337883464,-1.6101408577931848,-1.2417662200721986,0.5326861324536035,-0.699980125994719,-1.2669062141430008,-0.271001058516572,-1.4181407787071612,-0.9763509479928103,-1.157521045705374,-0.7226064156150229,0.6074350070483847,-1.496500218329665,-0.07499241092667684,0.3454653281712247,-1.1508235239858886,-1.1443543438469306,0.5279050743050503,0.29170255878145135,-0.8208700548180068,-0.005475848576579234
MD,2022,-0.9164935873899835,-0.6439887888729056,-1.0689471669695332,0.0,0.0,2.257357641054741e-16,0.0,3.0366463628323904e-16,0.0,-7.505752365952164e-16,4.727690210316963e-16,0.0,6.135152441222987e-16,0.0,0.0,0.0,1.9741898968474384e-16,0.0,0.12016856208732553,0.20053595524578743,0.4344945957905899,-0.4241706759356143,0.4066109580156389,0.559052734645644,-7.978394017264205e-16,0.0
ME,2019,0.9776468030542848,0.2483355460359571,1.2848219590125777e-17,2.243420972396666,0.8492767259143729,2.257357641054741e-16,0.9965272071033741,2.6749941921379086,0.0,-0.09659829747661212,0.7089564809472122,0.0,0.0959116862970995,1.6568138379893254,-1.8179170046264153,-0.11221763049512083,0.6963446158863924,0.0,-0.07499241092667684,0.20053595524578743,0.4344945957905899,-0.4241706759356143,0.4066109580156389,0.559052734645644,2.1968138707603937,-0.7959595416016799
ME,2020,0.4610630602058479,0.5032853560099179,1.2848219590125777e-17,0.19310192087616415,-0.3594445656363143,2.257357641054741e-16,0.25399807317481865,1.0010714461375008,0.0,-0.18955628226231447,-0.31304146478910533,0.0,-0.28011902286135854,0.3622746814105881,-1.976763524940074,-0.8568919483414013,1.389839564822848,0.0,-1.8314411680526983,-2.6799353316472794,-3.1091576719450678,-0.8367759023431368,-0.9654302794918546,-0.6640743199330359,0.09145299244988174,-0.45171664302623227
ME,2021,0.8628504157546322,-0.5165138838859252,1.2848219590125777e-17,1.3278696978183286,-1.1952624800064702,2.257357641054741e-16,0.3946878038139134,0.9573087599675578,0.0,0.16030376956751222,0.5641734386345671,0.0,-0.3401285160565659,0.18592879011193775,-1.5972217327863747,-1.2271944779808086,1.4787491736608558,0.0,1.2911344001713398,1.794759057425598,1.1059234465194512,1.1287253579981587,0.18765144938929962,-0.04916891544539378,1.228347866737558,-0.015675638164000447
ME,2022,0.7480540284549795,0.3758104510229375,1.2848219590125777e-17,0.0,0.0,2.257357641054741e-16,0.0,3.0366463628323904e-16,0.0,-7.505752365952164e-16,4.727690210316963e-16,0.0,6.135152441222987e-16,0.0,0.0,0.0,1.9741898968474384e-16,0.0,-0.46531435695468154,0.20053595524578743,0.4344945957905899,-0.4241706759356143,0.4066109580156389,0.559052734645644,-7.978394017264205e-16,0.0
MI,2019,0.6906558348051532,0.6307602609968982,-0.08527213867563226,1.2376040791979293,1.1836038916624352,6.0487899586550995,0.5158372940864667,-0.005470335771245908,-0.26224609552247946,-0.09490815229869044,-0.37691633639762384,-0.37441102693553335,2.82958154897374,2.5245157804020097,2.1103236455983856,2.642670419679371,-1.0462837173385497,2.7215885834181757,-0.07499241092667684,0.20053595524578743,0.4344945957905899,-0.4241706759356143,0.4066109580156389,0.559052734645644,1.172204909982611,-0.4797660643916399
MI,2020,0.8054522221048058,-1.2813633138078075,-0.9532206930526036,-0.051904758236348644,0.3735034515805918,2.257357641054741e-16,0.28917050583459275,0.2680464527909165,0.04488681074100625,0.3174872711142468,0.3384822256177972,0.4470153259773472,2.151344758976108,2.3080912774445714,2.550700275319019,0.8237118400220628,0.0028496669499367107,2.249828651643747,0.3153295351013279,-1.6110812063221793,-0.6472518859392383,1.4062961466723176,-2.0681040639410444,-2.4285854806367055,-0.2594404872685369,0.2903180494586195
MI,2021,0.5184612538556742,-0.38903897889894484,1.303445548327522,-0.15506546523109088,-0.5909018342311266,0.028472651177893125,0.0742278618026421,-0.016411007313728614,0.3836363397080877,0.35298031985060513,0.10001603827932291,-0.06808338463785539,2.4371453668554413,2.2259301235440643,2.914695386761168,0.7708114786450047,0.03841351048514042,2.483726432943674,-1.0507972759966888,0.055606582320350095,-0.5912994817118394,-0.2666304985800181,1.4494253084518738,0.47216392748978153,-0.30154770483474713,0.4841140516196107
MI,2022,1.0924431903539373,-2.04621274372969,2.4028470505383526,0.0,0.0,2.257357641054741e-16,0.0,3.0366463628323904e-16,0.0,-7.505752365952164e-16,4.727690210316963e-16,0.0,6.135152441222987e-16,0.0,0.0,0.0,1.9741898968474384e-16,0.0,1.8766173192133468,0.20053595524578743,0.4344945957905899,-0.4241706759356143,0.4066109580156389,0.559052734645644,-7.978394017264205e-16,0.0
MN,2019,-1.2034845556391152,1.0131849759578393,1.2455823113690572,0.4638987767373625,0.18062239441824807,2.257357641054741e-16,-0.805082954691699,0.7384953291178271,0.9662855295314678,-0.4194160264596889,0.2916406531048822,1.307464308482286,0.42488459143917173,0.7370097004202231,1.3008823346383585,0.3801626561682669,0.3584881023019659,0.7750833187018318,-0.07499241092667684,0.20053595524578743,0.4344945957905899,-0.4241706759356143,0.4066109580156389,0.559052734645644,0.793239951886719,-0.1074737444507857
MN,2020,-1.1460863619892887,0.3758104510229375,1.0141293635351982,0.1028363022557647,-1.9667867086558448,2.257357641054741e-16,-0.9848531660638755,-0.06017369348367523,0.844335699103318,0.07410636549349663,0.22776578149636556,0.7826099404690693,-0.050874124396213735,0.47850265522106533,1.0551771851319118,-0.6330827271307704,-0.33500684663449143,1.4728122934270391,0.12016856208732553,-0.3067168499932433,-0.42344226902962195,1.7663879806279692,-1.3293126283600876,-1.105202110108953,0.3862035154133534,0.7544084756862572
MN,2021,-1.0886881683394625,2.4154089308146234,0.6669499417844097,-0.24533108385149033,0.27063355442734177,2.257357641054741e-16,-1.0981865601898124,-0.5962665990655052,0.6862525855853472,-0.023922054825971498,0.11704933737492823,0.9172380125616788,0.10281925385913761,0.56266773970451,1.518873835919869,-0.6819138299403626,-0.050496098352868855,1.774104350694742,0.12016856208732553,-0.2886006783775636,-0.10637864507432421,-0.8592816419653663,0.9673993398212274,0.4788476818863862,-0.006797181871275484,0.6804600011774579
MN,2022,-0.801697200090331,0.6307602609968982,0.31977052003362105,0.0,0.0,2.257357641054741e-16,0.0,3.0366463628323904e-16,0.0,-7.505752365952164e-16,4.727690210316963e-16,0.0,6.135152441222987e-16,0.0,0.0,0.0,1.9741898968474384e-16,0.0,0.900812454143335,0.20053595524578743,0.4344945957905899,-0.4241706759356143,0.4066109580156389,0.559052734645644,-7.978394017264205e-16,0.0
MO,2019,1.035044996704111,-0.38903897889894484,-0.14313537563409703,1.9081486746637537,1.7622470631494664,-0.19391374012733348,0.8636535726108957,-0.32274981050334645,-0.7816620399386716,-0.13209134621297122,-0.9219819074569956,-0.6026934100490884,1.7981953673669024,-0.1968219512294553,0.7658737353691629,1.645702070650198,-2.077635179859434,0.660116612639156,-0.07499241092667684,0.20053595524578743,0.4344945957905899,-0.4241706759356143,0.4066109580156389,0.559052734645644,1.8178489126645014,-0.7628102254425625
MO,2020,0.8054522221048058,0.6307602609968982,-0.08527213867563226,0.8507514279676459,-0.7452066799610017,4.587393672935039,0.8831938129774362,0.41027518284323783,-0.5061457563787786,0.24988146399737193,-0.027733704937715948,-0.4270915768848148,1.0897379692853537,-0.0525389492578289,1.064640382086768,0.16042269352510247,-0.6550814384513169,0.3310739711494278,-0.8556363029826864,-1.2849901172399454,0.527748602836263,1.2712617089389442,-2.178371442385962,-1.8805176201151117,0.7230612559430353,-0.19927185073757095
MO,2021,0.9202486094044584,-2.5561123636776113,0.20404404611669155,0.08994121388142193,-0.6937717313843766,-0.5592628115573487,0.6721592170187941,0.6181479421504797,-0.7545620776213045,0.3276281421817769,-0.07883360222453187,-0.6397649081615455,1.4238915500989542,-1.2308501320260918,1.4712198798257712,0.14821491782270432,-1.6686509792045996,0.6561522434645807,0.3153295351013279,-0.868318170079313,-0.5726486803027023,-0.07908266839478031,1.6258531139637427,0.5390014714558293,-0.1331188345699062,0.055722888947943514
MO,2022,0.9202486094044584,-1.2813633138078075,0.1461808091582268,0.0,0.0,2.257357641054741e-16,0.0,3.0366463628323904e-16,0.0,-7.505752365952164e-16,4.727690210316963e-16,0.0,6.135152441222987e-16,0.0,0.0,0.0,1.9741898968474384e-16,0.0,-0.07499241092667684,0.20053595524578743,0.4344945957905899,-0.4241706759356143,0.4066109580156389,0.559052734645644,-7.978394017264205e-16,0.0
MS,2019,1.5516287395525479,-0.8989385988468663,-0.5481780343433503,0.6186398372294759,0.23205734299487304,-2.9578588892065785,1.9266426485507206,2.040435242673703,-1.9650270611303422,1.138897827584274,2.1269786306563545,-1.6406953571979044,0.4356776657548565,1.500507252520066,-1.4978581647603835,1.5073472793563527,0.9808553641680158,-1.7422911071533167,-0.07499241092667684,0.20053595524578743,0.4344945957905899,-0.4241706759356143,0.4066109580156389,0.559052734645644,0.28795334109219617,0.46116452504791394
MS,2020,1.0924431903539373,-1.9187378387427094,-0.8953574560941389,0.4252135116143342,0.20633986870656057,-1.9571201283330588,2.145493340655979,2.270189345065915,-2.7554426287201976,1.7000260266543346,2.565586082368192,-2.0114103383224817,-0.26328182692889024,1.0255757043634701,-1.2366063345423874,-0.12442540619751861,1.2120203471468345,-1.4330703115364642,-1.6362801950386958,-0.07120661898940757,1.478939474702152,2.066464508924351,-2.14371598058899,-2.1211327783928837,0.18970316677103896,1.1649500065799374
MS,2021,1.3220359649532427,-1.6637880287687488,-2.341938380055758,0.5928496604807904,-1.7481881772051886,2.299990790938422,2.192389917535677,1.1542408477323096,-2.6109094963609096,2.056646659195849,1.6543045807533088,-2.3918809768450746,-0.22701709722818925,0.5947306290315397,-1.0473423954452616,-0.33602685170575153,0.8741638335624078,-1.2507093295060125,0.7056514811293327,0.43604618624962305,0.6583042127002103,1.1587330108278002,0.5389318121495422,0.21149750602219358,0.31602481946966965,1.6723895385541143
MS,2022,2.125610676050811,-0.5165138838859252,0.20404404611669155,0.0,0.0,2.257357641054741e-16,0.0,3.0366463628323904e-16,0.0,-7.505752365952164e-16,4.727690210316963e-16,0.0,6.135152441222987e-16,0.0,0.0,0.0,1.9741898968474384e-16,0.0,2.6572612112693563,0.20053595524578743,0.4344945957905899,-0.4241706759356143,0.4066109580156389,0.559052734645644,-7.978394017264205e-16,0.0
MT,2019,-0.11291887629241518,-0.8989385988468663,1.2848219590125777e-17,1.2762893443209575,-0.3851620399246268,2.257357641054741e-16,1.375607870214267,-0.7713173437452905,0.0,0.260022335064902,-0.24490826840668412,0.0,-1.1824200356526056,-0.6797692217178051,0.00881797898066119,-0.6574982785355666,0.07397735402034254,0.0,-0.07499241092667684,0.20053595524578743,0.4344945957905899,-0.4241706759356143,0.4066109580156389,0.559052734645644,1.4108124761911358,-0.5052655383601915
MT,2020,-0.2277152635920678,0.12086064104897669,1.2848219590125777e-17,0.670220190726847,2.3794664460689665,2.257357641054741e-16,0.4415843806936116,-0.08205503656864671,0.0,0.5760794833362921,-0.5642826264492841,0.0,-1.6460905082544237,-1.503384691305824,-0.35990873093891673,-1.361480010707187,0.07397735402034254,0.0,-0.46531435695468154,-0.650924110691157,-4.023046940992678,0.9786870938499711,-1.2852056769821187,-0.5972367759669878,0.7792042126979822,0.5810120527001068
MT,2021,-0.629502619140852,-0.006614263938003691,1.2848219590125777e-17,0.9410170465880453,-1.5810245943311576,2.257357641054741e-16,-0.02347334003006213,-1.9200878557063537,0.0,0.6656571777661511,-0.23213329408497965,0.0,-1.6137112853073694,-2.3390237443914788,0.0,-1.369618527842119,-0.28166108133168666,0.0,-1.4411192220246936,0.5809755591750604,-1.7849507718964779,-0.02656927594290934,0.5247545777780521,0.5456852258524343,1.172204909982611,1.019603004959194
MT,2022,-0.2277152635920678,-1.2813633138078075,1.2848219590125777e-17,0.0,0.0,2.257357641054741e-16,0.0,3.0366463628323904e-16,0.0,-7.505752365952164e-16,4.727690210316963e-16,0.0,6.135152441222987e-16,0.0,0.0,0.0,1.9741898968474384e-16,0.0,1.2911344001713398,0.20053595524578743,0.4344945957905899,-0.4241706759356143,0.4066109580156389,0.559052734645644,-7.978394017264205e-16,0.0
NC,2019,0.5184612538556742,-0.26156407391196446,-0.49031479738488554,0.8636465163419886,3.9610911148001846,-1.369384665597817,0.3048026981278246,-0.35557182513080426,-0.5738956621721943,-0.2977255736493142,-0.35562471252811767,-0.6222047248451188,0.9813755031558783,0.3181882085859255,-0.5873634291752837,1.8247494476187023,-0.44169837724010097,-0.46972860211473044,-0.07499241092667684,0.20053595524578743,0.4344945957905899,-0.4241706759356143,0.4066109580156389,0.559052734645644,0.8072756910754557,-0.6480625925840794
NC,2020,-0.2277152635920678,0.5032853560099179,-1.7633060104711102,-0.47744267458966033,-0.8609353142584079,2.8241872847293132,-0.06255382076314399,0.20240242353599838,-0.09512966123205359,-0.2605423797350334,-0.2874915161456974,-0.350997449180296,0.3735095576965117,0.3342196532494389,-0.2838651839802503,0.2540156405768206,0.9630734424004147,-0.45387112541642993,-2.612085060108708,-1.6835458927848979,-1.3186807366680997,-0.259128585372606,-1.8113385969907316,-2.0208764624438125,-0.46997657509958807,-0.35226869454888177
NC,2021,0.40366486655602163,-1.4088382187947879,0.9562661265767335,-0.5419181164613742,1.5436485316988102,-0.16214425565515825,-0.2657723205751697,-0.016411007313728614,-0.352579303247035,-0.07969684569739305,-0.20658334544157264,-0.7939042950501854,0.43351905089171905,-0.12468045024364068,-0.1280604055449386,-0.04710949341566455,-0.9218102649653391,-0.5490159856062305,2.071778292227349,0.10995509716738909,-0.5353470774844322,0.3785340372572077,0.6255704666419781,0.06445490929688794,-0.6945484021193761,0.0531729415510892
NC,2022,0.34626667290619534,-1.0264135038338467,-1.2425368778449275,0.0,0.0,2.257357641054741e-16,0.0,3.0366463628323904e-16,0.0,-7.505752365952164e-16,4.727690210316963e-16,0.0,6.135152441222987e-16,0.0,0.0,0.0,1.9741898968474384e-16,0.0,-0.2701533839406792,0.20053595524578743,0.4344945957905899,-0.4241706759356143,0.4066109580156389,0.559052734645644,-7.978394017264205e-16,0.0
ND,2019,-0.6869008127906783,1.5230845959057608,1.2848219590125777e-17,-1.4058890375423405,-0.9638052114116579,2.257357641054741e-16,-0.398645955067648,1.4715203224644127,0.0,-0.49547255946617286,0.7728313525557327,0.0,-0.7658073670671732,1.975438800676659,-1.108177233012195,-0.4296197987574697,0.0028496669499367107,0.0,-0.07499241092667684,0.20053595524578743,0.4344945957905899,-0.4241706759356143,0.4066109580156389,0.559052734645644,-1.36826388317874,-0.4874159065822045
ND,2020,-0.39990984454154677,-0.38903897889894484,1.2848219590125777e-17,0.5799545721064475,-0.2565746684830643,2.257357641054741e-16,-0.43772643580072984,1.318350920869606,0.0,0.15354318885582474,2.446352988698954,0.0,-1.0589472654811718,1.584672337003512,-0.4927314596267208,-1.312648907897595,0.3229242587667622,0.0,0.900812454143335,2.990426384060456,0.24798658169923948,2.4565639957096472,-0.6629826129000753,-0.8913219694175999,0.7230612559430353,0.5172633677787281
ND,2021,-0.8590953937401572,0.6307602609968982,1.2848219590125777e-17,0.25757736274787807,1.0292990459325604,2.257357641054741e-16,-0.6018644548796732,-0.2680464527909159,0.0,-0.07631655534154894,0.5301068404433545,0.0,-1.0213873668625888,0.6508406853538367,-1.382609944703027,-1.1091859795242942,1.0342011294708198,0.0,-1.6362801950386958,-0.25236833514620427,-0.34883906339307974,-1.444430872143309,0.5436575569400378,0.8932404544758844,0.48445368973451064,0.277568312474344
ND,2022,-0.45730803819137306,1.1406598809448198,1.2848219590125777e-17,0.0,0.0,2.257357641054741e-16,0.0,3.0366463628323904e-16,0.0,-7.505752365952164e-16,4.727690210316963e-16,0.0,6.135152441222987e-16,0.0,0.0,0.0,1.9741898968474384e-16,0.0,1.2911344001713398,0.20053595524578743,0.4344945957905899,-0.4241706759356143,0.4066109580156389,0.559052734645644,-7.978394017264205e-16,0.0
NE,2019,-0.5147062318411993,-0.771463693859886,2.981479420123,-0.7869247955738871,-0.10226982275318934,2.257357641054741e-16,0.7425040823383415,1.74503711102657,0.1261866976931063,0.527065273176558,1.2412470776848767,1.0889375827667462,-0.7174543941329056,1.5045151136859436,1.1575824950362499,-0.38078869594787745,1.6921322348720742,0.3508958170223033,-0.07499241092667684,0.20053595524578743,0.4344945957905899,-0.4241706759356143,0.4066109580156389,0.559052734645644,-0.7366556196855862,0.31071762863346025
NE,2020,-0.801697200090331,0.3758104510229375,1.3613087852859869,-0.15506546523109088,0.6306781944637166,2.257357641054741e-16,0.4728487652800771,1.9529098703338121,3.102665892217193,0.9242493899881971,1.9310956910568926,2.562041849867039,-1.1983937856398192,1.101725066515161,1.095395772190051,-1.2963718736277308,1.2653661124496383,1.3618099565389377,-1.0507972759966888,1.088228364414091,-0.8524107014397259,1.338778927805626,-1.3482156075220721,-0.9447920045904384,0.02127429650619801,1.0859016372774282
NE,2021,-0.5721044254910257,0.5032853560099179,1.2848219590125777e-17,0.5412693069834191,-0.5523256227986579,2.257357641054741e-16,0.11721639060903258,0.9682494315100417,2.113517267633316,0.9225592448102746,1.8927707680917811,2.1386463187931817,-1.1945082788861727,0.6648681994344112,1.2336260419949163,-1.4306574063541093,0.874163833562407,1.6353514295846152,0.7056514811293327,1.1788092224924893,-1.2627283324406968,-0.43167258914302636,0.420788192387129,0.3384888395576852,0.7230612559430353,1.3153969029943917
NE,2022,-0.629502619140852,0.885710070970859,1.2848219590125777e-17,0.0,0.0,2.257357641054741e-16,0.0,3.0366463628323904e-16,0.0,-7.505752365952164e-16,4.727690210316963e-16,0.0,6.135152441222987e-16,0.0,0.0,0.0,1.9741898968474384e-16,0.0,-0.2701533839406792,0.20053595524578743,0.4344945957905899,-0.4241706759356143,0.4066109580156389,0.559052734645644,-7.978394017264205e-16,0.0
NH,2019,-0.39990984454154677,0.3758104510229375,1.2848219590125777e-17,0.38652824649130585,-1.2209799542947828,2.257357641054741e-16,0.08595200602256708,-0.9901307745950126,0.0,-0.39406384879086065,-0.8538487110745715,0.0,-0.7593315224777625,-0.6917928052154394,-0.6110214215624242,-0.2587109389238971,-0.032714176585267,0.0,-0.07499241092667684,0.20053595524578743,0.4344945957905899,-0.4241706759356143,0.4066109580156389,0.559052734645644,0.5125251681119841,-0.6506125399809348
NH,2020,-0.2277152635920678,1.0131849759578393,1.2848219590125777e-17,1.5857714653051842,2.0194218060325912,2.257357641054741e-16,-0.5901403106597487,-1.963850541876299,0.0,-0.5191345919570794,-0.46634115664955217,0.0,-1.230341285614246,-0.7218517639595288,-1.2886539177940968,-0.9016537925835274,0.21623272816115344,0.0,0.5104905081153304,1.8853399155039965,-2.79209404798977,-0.9793122532839222,-1.3119848974615982,-0.49698046001791596,1.7757416950982912,-0.3981677476922747
NH,2021,0.11667389830689007,-1.0264135038338467,1.2848219590125777e-17,-0.02611458148766309,0.0,2.257357641054741e-16,-0.3556574262612575,-0.4321565259282099,0.0,-0.10166873301037718,-0.8623653606223779,0.0,-1.2441564207383224,-1.2769405354336931,-0.5545802111531031,-1.2231252194133426,0.0561954322527399,0.0,1.0959734271573374,-2.063985496714171,1.5535426803386923,1.4288018862945437,0.35620301358367584,0.031036137313864003,-0.06294013862622247,0.07867241551964081
NH,2022,-0.28511345724189413,-0.6439887888729056,1.2848219590125777e-17,0.0,0.0,2.257357641054741e-16,0.0,3.0366463628323904e-16,0.0,-7.505752365952164e-16,4.727690210316963e-16,0.0,6.135152441222987e-16,0.0,0.0,0.0,1.9741898968474384e-16,0.0,-1.4411192220246936,0.20053595524578743,0.4344945957905899,-0.4241706759356143,0.4066109580156389,0.559052734645644,-7.978394017264205e-16,0.0
NJ,2019,0.0,0.0,1.2848219590125777e-17,0.0,0.0,2.257357641054741e-16,-1.4342786944943164,-1.405876293209494,1.3276183604296876,-1.697165780968622,-1.7736468622372592,0.7943167293466875,0.08555033495404171,0.8993280776383002,0.3008251993019407,1.2347069553361298,-0.5661718296133084,1.8177124116150671,-0.07499241092667684,0.20053595524578743,0.4344945957905899,-0.4241706759356143,0.4066109580156389,0.559052734645644,-7.978394017264205e-16,-1.6246924455796057
NJ,2020,-0.9738917810398099,-0.5165138838859252,0.08831757219976202,-0.735344442076516,2.315172760348185,0.3302827536635578,-1.5788764732067189,-1.5152830086343574,1.309551718884777,-1.5450527149556537,-1.675705392437528,1.0382081642970673,-0.5331086848210097,0.7750843814960692,0.17881755284825807,-0.2587109389238971,1.2120203471468345,0.31918086362570225,-0.07499241092667684,0.20053595524578743,-0.2555850563474045,0.2510015127312446,-1.8507198035782026,-1.8938851289083205,-0.5682267494207454,-1.3008491261790005
NJ,2021,-0.7442990064405046,-0.006614263938003691,0.1461808091582268,-1.1608823584298276,-1.7610469143493448,-1.08345930534824,-2.02830200163716,-1.2855289062421453,0.7946524348548127,-1.905053637853012,-1.6969970163070343,0.3904325130688584,-0.31767892147994115,0.7550450756666739,0.29169997366690087,-0.06338652768552862,0.07397735402034254,0.6720097201628809,0.7056514811293327,-0.3972977080716416,-1.7103475662599377,-2.0220781891138464,1.192659841501563,0.8798729456826745,-1.087549099404005,-1.5507439710708064
NJ,2022,-0.6869008127906783,0.7582351659838786,0.08831757219976202,0.0,0.0,2.257357641054741e-16,0.0,3.0366463628323904e-16,0.0,-7.505752365952164e-16,4.727690210316963e-16,0.0,6.135152441222987e-16,0.0,0.0,0.0,1.9741898968474384e-16,0.0,0.12016856208732553,0.20053595524578743,0.4344945957905899,-0.4241706759356143,0.4066109580156389,0.559052734645644,-7.978394017264205e-16,0.0
NM,2019,-0.629502619140852,1.7780344058797217,1.2848219590125777e-17,-0.6063935583330882,0.9135704116351541,2.257357641054741e-16,0.13675663097557308,0.4649785405556684,0.0,-0.503923285355782,-0.061800303128926565,0.7923655978670843,-0.5628975699322996,-0.20283374297827034,-1.3285345335324197,0.013929385096325814,0.6607807723511904,-1.377569143092414,-0.07499241092667684,0.20053595524578743,0.4344945957905899,-0.4241706759356143,0.4066109580156389,0.559052734645644,-0.5120837926657983,-0.8495084369356369
NM,2020,-1.0312899746896362,0.6307602609968982,1.2848219590125777e-17,-0.8771904141942864,0.5535257715987792,2.257357641054741e-16,0.20710149629512042,1.4934016655493878,1.9464008333428897,0.0166414294441534,0.8409645489381529,1.4537991694525143,-1.0857140897840702,-0.45933685759449067,-1.0574815350397508,-0.9789697053653816,1.0875468947736238,0.0,-1.4411192220246936,-0.17990364868348557,0.7702090211550205,1.886418591946522,-1.5010146890814597,-1.0717833381259294,-0.7085841413081128,-0.11002369184764114
NM,2021,-0.7442990064405046,-0.6439887888729056,1.2848219590125777e-17,1.0441777535827876,-1.9410692343675324,2.257357641054741e-16,-0.23059988791539557,0.48685988364064353,0.0,-0.258852234557111,0.4619736440609353,0.2479999150578358,-1.0308852722603914,-0.21886518764178375,-0.9881974144774103,-1.0359393253099058,1.5854407042664647,0.0,0.900812454143335,2.899845525982058,-1.6543951620325306,-1.6469825287433675,0.6066674874799924,0.4654801730931766,1.3125623018699786,-0.24007100908725412
NM,2022,-0.7442990064405046,-0.006614263938003691,1.2848219590125777e-17,0.0,0.0,2.257357641054741e-16,0.0,3.0366463628323904e-16,0.0,-7.505752365952164e-16,4.727690210316963e-16,0.0,6.135152441222987e-16,0.0,0.0,0.0,1.9741898968474384e-16,0.0,-0.07499241092667684,0.20053595524578743,0.4344945957905899,-0.4241706759356143,0.4066109580156389,0.559052734645644,-7.978394017264205e-16,0.0
NV,2019,0.6906558348051532,0.2483355460359571,1.5927617331198458,0.15441665575313582,1.0935927316533416,2.257357641054741e-16,0.9769869667368327,-1.1761221908172794,-2.1592434577381345,-0.15575337870387704,-1.2796811884647032,-1.1412056984195271,0.8134352668038237,-4.146569130202655,0.654681171149602,0.6324566873511598,-4.638231914394041,0.8107626412730071,-0.07499241092667684,0.20053595524578743,0.4344945957905899,-0.4241706759356143,0.4066109580156389,0.559052734645644,-0.006797181871275484,-0.8724579635073336
NV,2020,0.2314702856065427,2.287934025827643,1.2848219590125777e-17,-1.4187841259166831,-0.5394668856545017,2.257357641054741e-16,0.6213545920657881,-1.2855289062421453,-0.5919623037171053,0.0217118649779192,-1.3392977352993247,-0.7197612988252704,0.2051375983718295,-3.7297515689512952,0.6019576452582598,-0.4987971944043919,-1.9887255710214253,-0.1803296523707525,-1.6362801950386958,-2.009636981867132,-1.2627283324406968,0.36353021084238696,-1.8129138452542313,-1.2990309876104926,-1.6068714493872644,-0.3726682737237225
NV,2021,0.0018775110072374464,-1.0264135038338467,1.2848219590125777e-17,-0.28401634897451866,1.1064514687974978,2.257357641054741e-16,0.1484807751954972,-2.8609856083601777,-0.24417945397756943,0.27016320613243366,-1.5905388969595016,-0.34904631770069316,0.31134144963816746,-3.5193388577426776,0.9804855234525103,-0.779576035559547,-0.5306079860781071,0.1407842507698258,-0.8556363029826864,1.794759057425598,-1.822252374714752,0.6786105655535861,0.7941220308363534,0.09787368127991186,-0.3155834440234839,0.31071762863346025
NV,2022,0.2314702856065427,0.12086064104897669,0.26190728307515626,0.0,0.0,2.257357641054741e-16,0.0,3.0366463628323904e-16,0.0,-7.505752365952164e-16,4.727690210316963e-16,0.0,6.135152441222987e-16,0.0,0.0,0.0,1.9741898968474384e-16,0.0,0.7056514811293327,0.20053595524578743,0.4344945957905899,-0.4241706759356143,0.4066109580156389,0.559052734645644,-7.978394017264205e-16,0.0
NY,2019,-0.5147062318411993,-1.2813633138078075,-0.027408901717167502,-0.2711212606001759,0.5149495601663104,-1.7347337370278322,-1.305313108075146,-0.4978005551831268,0.08553675421705652,-1.6751938936556379,-1.501114076707575,-0.14807977530158067,1.0245478004186175,0.837206229567184,-0.15813985300858843,2.186913460123178,0.19845080639355,1.1199834368898605,-0.07499241092667684,0.20053595524578743,0.4344945957905899,-0.4241706759356143,0.4066109580156389,0.559052734645644,-0.17522605213611644,-1.6756913935167095
NY,2020,-0.9738917810398099,0.7582351659838786,-0.20099861259256177,-1.0964069165581138,-1.1695450057181578,-0.06683580223863257,-1.5632442809134866,-0.5634445844380449,0.496552849363782,-1.389559358586842,-1.011406727708922,0.11337184296522713,0.19520797000139933,0.8752809106430287,-0.23790108448523412,0.12379936641790802,0.6252169288159866,0.16060609664270128,-1.6362801950386958,-0.9588990281577113,-0.7964582972123249,0.8436526561165977,-2.6194409561656373,-2.829610744432995,-0.9612274467053742,-1.0764537552557465
NY,2021,-0.6869008127906783,0.885710070970859,-0.9532206930526036,-0.7998198839482298,0.5663845087429354,-1.4488083767782551,-1.832899597971751,-0.9901307745950138,0.26168650927993886,-1.6566022966984972,-1.5138890510292786,-0.18710240489364063,0.41279634820560474,0.2620781522636272,-0.07398499437433104,0.19297676206483025,0.21623272816115421,0.7473327344798064,0.900812454143335,0.6172079024064198,-0.8524107014397259,-1.6094729627063207,1.2005360828190568,0.6726765593879257,-0.7085841413081128,-1.3033990735758556
NY,2022,-0.8590953937401572,1.3956096909187805,-1.1846736408864627,0.0,0.0,2.257357641054741e-16,0.0,3.0366463628323904e-16,0.0,-7.505752365952164e-16,4.727690210316963e-16,0.0,6.135152441222987e-16,0.0,0.0,0.0,1.9741898968474384e-16,0.0,-0.660475329968684,0.20053595524578743,0.4344945957905899,-0.4241706759356143,0.4066109580156389,0.559052734645644,-7.978394017264205e-16,0.0
OH,2019,1.1498413840037638,-1.1538884088208272,-0.9532206930526036,1.0441777535827876,0.14204618298577934,-3.1643605382757176,0.7659523707781907,0.005470335771244087,-0.09512966123205359,0.25157160917529287,-0.01070040584211253,-0.21832050856728927,2.491110738433865,1.4484050573636482,0.9899487204073661,2.748471142433487,-0.9573741085005413,2.0833251463115947,-0.07499241092667684,0.20053595524578743,0.4344945957905899,-0.4241706759356143,0.4066109580156389,0.559052734645644,0.849382908641666,-0.12022348143506235
OH,2020,0.5758594475055006,-0.13408916892498407,-0.8374942191356741,1.4052402280643854,-0.6166193085194391,-2.608394560012651,0.6096304478458632,0.6400292852354524,0.3429863962320384,0.648755725986932,0.789864651651337,0.3162895168439433,1.819349793025645,1.775045742382737,1.3167669866697242,0.8481273914268587,0.8385999900272058,1.3538812181897877,-2.0266021410667006,0.7077887604848181,-0.31153746057481174,1.338778927805626,-2.044475339988559,-2.562260568568802,1.3827409978136624,0.5810120527001063
OH,2021,0.9776468030542848,-0.6439887888729056,-0.5481780343433503,0.902331781465017,-0.10226982275318934,-2.227160746346548,0.3008946500545169,0.09299570811113489,0.4784862078188715,0.5625583219129179,0.5854650625040733,0.21873294286379086,2.083995975246236,0.8993280776383031,1.9832464293474588,0.7586037029426065,-1.010719873803346,2.757267905989351,1.2911344001713398,-0.5059947377657196,-1.0389187155310762,-0.8067682495134952,1.3722381435404312,0.4120101379203383,0.7370969951317721,0.6524105798120525
OH,2022,1.379434158603069,-0.38903897889894484,1.6506249700783107,0.0,0.0,2.257357641054741e-16,0.0,3.0366463628323904e-16,0.0,-7.505752365952164e-16,4.727690210316963e-16,0.0,6.135152441222987e-16,0.0,0.0,0.0,1.9741898968474384e-16,0.0,1.2911344001713398,0.20053595524578743,0.4344945957905899,-0.4241706759356143,0.4066109580156389,0.559052734645644,-7.978394017264205e-16,0.0
OK,2019,1.1498413840037638,0.7582351659838786,-0.8374942191356741,0.45100368836301974,-1.2209799542947828,2.257357641054741e-16,2.59491886908642,1.1870628623597674,-2.2179600427590964,2.8814375060217223,2.1142036563346522,-1.814346058882574,1.0435436112142231,-0.3451128143669565,-0.7512795192861867,1.17366807682414,-0.6372995166837159,-1.3062104979500626,-0.07499241092667684,0.20053595524578743,0.4344945957905899,-0.4241706759356143,0.4066109580156389,0.559052734645644,0.2037389059597757,2.6541192863433523
OK,2020,1.035044996704111,-1.0264135038338467,-1.1846736408864627,0.24468227437353526,-0.8995115256908766,2.257357641054741e-16,2.290091119368382,0.48685988364064353,-0.28934605783984646,3.543974415767094,2.5315194841769793,-0.3763621584151353,0.36055786851769006,-0.9803588091586893,-0.34334813626791844,-0.22208761181670306,-0.13940570719087497,-0.7511988135095579,-0.46531435695468154,-0.08932279060508724,-1.020267914121939,2.51657930136892,-2.085431794839532,-1.733475023389806,0.007238557317461261,3.8525945628652756
OK,2021,0.6906558348051532,-0.771463693859886,-1.6475795365541808,0.15441665575313582,-1.1181100571415328,2.257357641054741e-16,2.3721601289078538,0.14769906582356784,-1.1158949085195247,4.2335536483592175,1.773537674422544,-1.4260708944415705,0.46373965897563657,-1.7899467646661325,-0.1500285413329975,-0.53135126294412,-0.1216237854232739,-0.7155194909383825,-1.245958249010691,0.07372275393602976,0.8261614253824235,2.63660991268748,0.7830952929918625,0.0510874005036786,-0.006797181871275484,4.839424205448223
OK,2022,0.8054522221048058,-0.26156407391196446,0.7248131787428744,0.0,0.0,2.257357641054741e-16,0.0,3.0366463628323904e-16,0.0,-7.505752365952164e-16,4.727690210316963e-16,0.0,6.135152441222987e-16,0.0,0.0,0.0,1.9741898968474384e-16,0.0,0.3153295351013279,0.20053595524578743,0.4344945957905899,-0.4241706759356143,0.4066109580156389,0.559052734645644,-7.978394017264205e-16,0.0
OR,2019,-0.3425116508917204,-1.0264135038338467,1.2848219590125777e-17,0.05125594875839359,-0.2694334056272205,2.257357641054741e-16,-0.08991015727630172,-0.19146175199351143,0.0,0.04199360711298165,-0.2534249179544858,-0.1988091937712593,-0.0003625365988088996,-1.118630019381495,-0.04796120274847595,-0.29126500746362527,-1.544177526831389,1.2825225730474372,-0.07499241092667684,0.20053595524578743,0.4344945957905899,-0.4241706759356143,0.4066109580156389,0.559052734645644,0.13356021001609197,0.12202152126617885
OR,2020,-0.5721044254910257,1.0131849759578393,1.2848219590125777e-17,-0.18085564197977644,-1.9410692343675324,2.257357641054741e-16,-0.5158873972668936,-0.21334309507848292,0.0,0.03185273604545005,0.1894408585312522,-0.6163513304063091,-0.6099553739486854,-1.627628387448055,-0.19666858346764612,-1.1213937552266922,-0.014932254817665143,-0.3389044193537538,-0.8556363029826864,-0.12555513383644656,-1.5984427578051275,-0.46918215518007333,-1.817639590044728,-0.8044331622617372,-0.06294013862622247,0.38466610314225963
OR,2021,-0.45730803819137306,-0.5165138838859252,1.2848219590125777e-17,-1.019036386312057,0.06489376012084186,2.257357641054741e-16,-0.5510598299266668,0.8041393583727464,0.0,0.5034032406856522,1.0496224628593174,0.18166144475133375,-0.6639207455271092,-1.613600873367482,0.6070272150555044,-1.345202976437323,0.12732311932314652,1.1913420820322107,0.3153295351013279,-0.9770151997733909,0.2666373831083766,1.6688631089316492,0.2097049250782835,0.19144624283237927,-1.0033346642715844,1.1190509534365463
OR,2022,-0.1703170699422415,0.7582351659838786,1.2848219590125777e-17,0.0,0.0,2.257357641054741e-16,0.0,3.0366463628323904e-16,0.0,-7.505752365952164e-16,4.727690210316963e-16,0.0,6.135152441222987e-16,0.0,0.0,0.0,1.9741898968474384e-16,0.0,0.900812454143335,0.20053595524578743,0.4344945957905899,-0.4241706759356143,0.4066109580156389,0.559052734645644,-7.978394017264205e-16,0.0
PA,2019,0.11667389830689007,-0.13408916892498407,0.7826764157013392,0.20599700925050693,0.437797137301373,4.571508930698951,-0.511979349193585,0.1805210804510257,1.1198519826632105,-0.9382905960817026,-0.7431322669531389,0.4567709833753622,1.6894011782648,2.31811093035927,1.4049775011417778,2.2235367872303717,-0.10384186365567126,2.5194057555148497,-0.07499241092667684,0.20053595524578743,0.4344945957905899,-0.4241706759356143,0.4066109580156389,0.559052734645644,0.18970316677103896,-1.081553650049457
PA,2020,0.17407209195671638,-0.8989385988468663,-0.6060412713018151,0.8120661628446175,0.6178194573195604,2.257357641054741e-16,-0.6995656567123779,0.12581772273859393,1.4360182096991532,-0.5698389472947352,-0.2321332940849806,1.0030877976642116,0.9835341180190158,2.089662843904196,1.5486153120637034,0.46561708608505353,0.6429988505835876,1.8771779492336929,0.12016856208732553,1.0519960211827317,-0.46074387184789206,1.2112464032796646,-2.1689199528049685,-2.328329164687634,0.8353471694529293,-0.40326764248598446
PA,2021,-0.055520682642588866,1.3956096909187805,-0.6639045082602798,-0.3355967024718898,1.7236708517169979,2.257357641054741e-16,-0.9574968295507182,-0.23522443816345806,1.4405348700853813,-0.7151914325960157,-0.31304146478910533,0.3436053575583859,1.2119155705389053,1.8231400763732801,1.7929685762908851,0.35981636333093686,0.21623272816115421,2.2339711749454456,-0.8556363029826864,-1.411803318549703,-0.7964582972123229,-1.0693352117728334,1.2399172894065256,0.3852751203339185,-0.35769066158969415,-0.45426659042308715
PA,2022,0.288868479256369,-1.0264135038338467,2.3449838135798875,0.0,0.0,2.257357641054741e-16,0.0,3.0366463628323904e-16,0.0,-7.505752365952164e-16,4.727690210316963e-16,0.0,6.135152441222987e-16,0.0,0.0,0.0,1.9741898968474384e-16,0.0,1.0959734271573374,0.20053595524578743,0.4344945957905899,-0.4241706759356143,0.4066109580156389,0.559052734645644,-7.978394017264205e-16,0.0
PR,2019,-0.9164935873899835,0.3758104510229375,1.2848219590125777e-17,-3.2498866750733577,1.685094640284529,2.257357641054741e-16,0.0,3.0366463628323904e-16,0.0,-7.505752365952164e-16,4.727690210316963e-16,0.0,6.135152441222987e-16,0.0,0.0,0.0,1.9741898968474384e-16,0.0,-0.07499241092667684,0.20053595524578743,0.4344945957905899,-0.4241706759356143,0.4066109580156389,0.559052734645644,-3.3192316304131473,0.0
PR,2020,-0.5721044254910257,0.2483355460359571,1.2848219590125777e-17,-3.185411233201644,0.0,2.257357641054741e-16,0.0,3.0366463628323904e-16,0.0,-7.505752365952164e-16,4.727690210316963e-16,0.0,6.135152441222987e-16,0.0,0.0,0.0,1.9741898968474384e-16,0.0,1.0959734271573374,0.2911168133241857,0.4344945957905899,-0.4241706759356143,0.4066109580156389,0.559052734645644,-3.3332673696018844,0.0
PR,2021,-0.801697200090331,-0.38903897889894484,1.2848219590125777e-17,-3.3530473820681,0.0,2.257357641054741e-16,0.0,3.0366463628323904e-16,0.0,-7.505752365952164e-16,4.727690210316963e-16,0.0,6.135152441222987e-16,0.0,0.0,0.0,1.9741898968474384e-16,0.0,-0.8556363029826864,-0.03497427575804824,0.4344945957905899,-0.4241706759356143,0.4066109580156389,0.559052734645644,-3.459589022300515,0.0
PR,2022,-0.7442990064405046,1.0131849759578393,1.2848219590125777e-17,0.0,0.0,2.257357641054741e-16,0.0,3.0366463628323904e-16,0.0,-7.505752365952164e-16,4.727690210316963e-16,0.0,6.135152441222987e-16,0.0,0.0,0.0,1.9741898968474384e-16,0.0,0.12016856208732553,0.20053595524578743,0.4344945957905899,-0.4241706759356143,0.4066109580156389,0.559052734645644,-7.978394017264205e-16,0.0
RI,2019,0.059275704657063756,1.0131849759578393,-0.8953574560941389,-1.2124627119271987,-1.7353294400610324,2.257357641054741e-16,-0.5393356857067423,-1.3949356216670064,0.0,-0.23688034724412685,-0.9092069331352892,-1.5782591498506076,1.8780641173029702,0.10176370562848734,-0.7539832898447171,4.001802781213019,-4.1225561831336,1.1675558669847599,-0.07499241092667684,0.20053595524578743,0.4344945957905899,-0.4241706759356143,0.4066109580156389,0.559052734645644,-1.3401924048012663,-0.005475848576579234
RI,2020,0.059275704657063756,0.2483355460359571,1.2848219590125777e-17,2.2821062375196943,0.7978417773377479,2.257357641054741e-16,-1.0122095025770323,-0.6400292852354506,0.0,-0.028992490359737298,0.8579978480337582,-2.1635985937315194,0.9105729356449868,0.08773619154791418,-0.521796993130923,1.1940143696614698,0.0028496669499351317,-1.3141392362992133,-0.07499241092667684,5.110018463094978,-1.8222523747147479,0.498564648575757,-3.1235204004852677,-4.052737799011675,2.4634929153463916,0.6167113162560791
RI,2021,-0.5147062318411993,1.5230845959057608,1.2848219590125777e-17,0.012570683635365247,1.5950834802754352,2.257357641054741e-16,-1.3365774926616119,-1.7122150963991116,0.0,-0.32138760614022,-0.6281574980578035,-1.5294808628605314,1.1449985097816597,-0.17077085365124353,-1.0527499365623223,1.259122506740926,-2.8956035811691003,-1.6867899387092673,-2.0266021410667006,-2.987910249113834,-1.1135219211676186,-1.7220016608174613,1.2619707650955094,0.665992804991321,0.13356021001609197,0.3872160505391157
RI,2022,0.0018775110072374464,0.885710070970859,1.2848219590125777e-17,0.0,0.0,2.257357641054741e-16,0.0,3.0366463628323904e-16,0.0,-7.505752365952164e-16,4.727690210316963e-16,0.0,6.135152441222987e-16,0.0,0.0,0.0,1.9741898968474384e-16,0.0,1.6814563461993446,0.20053595524578743,0.4344945957905899,-0.4241706759356143,0.4066109580156389,0.559052734645644,-7.978394017264205e-16,0.0
SC,2019,0.7480540284549795,-0.6439887888729056,-1.126810403927998,0.9410170465880453,-0.07655234846487685,-1.2740762121812914,0.4572165729868443,-0.08205503656864915,-1.495294380962656,-0.03575307107142478,-0.29600816569349814,-1.0904762799498475,0.20168381459081045,0.3783061260741044,-0.6502260946611146,1.0271747683953631,-0.6195175949161164,-0.6441608457960313,-0.07499241092667684,0.20053595524578743,0.4344945957905899,-0.4241706759356143,0.4066109580156389,0.559052734645644,0.8353471694529293,-0.35226869454888177
SC,2020,0.6332576411553269,0.5032853560099179,-1.0110839300110683,0.0383608603840508,-1.2466974285830952,-1.5917710569030437,0.4415843806936116,1.3949356216670095,-0.5106624167650058,0.42903685285708915,0.713214805721116,-0.6514716970391637,-0.2481715228869312,0.5406245032921787,-0.370047870533406,-0.33602685170575153,1.0875468947736253,-0.7075907525892322,-0.46531435695468154,-1.0675960578517893,0.35989139015404975,1.6388554561020077,-1.2347977325501558,-1.680004988216967,-0.11908309538116944,0.35916662917370745
SC,2021,0.40366486655602163,-0.006614263938003691,-0.6060412713018151,-1.0577216514350853,-0.1794222456181268,-0.5751475537934363,0.3516992750075229,0.7822580152877737,-0.3841959259506293,0.513544111753183,0.368290499035107,-0.8173178728054228,-0.1635538202519628,-0.22287304880766426,-0.21694686265662413,-0.5842516243211782,0.21623272816115421,-0.7789493977315832,-0.8556363029826864,-1.3393386320869842,0.005526163380481894,-0.04907501556513547,0.7153596176614112,0.15134371645275096,-1.2559779696688458,0.5453127891441352
SC,2022,0.40366486655602163,-0.006614263938003691,-0.2588618495510266,0.0,0.0,2.257357641054741e-16,0.0,3.0366463628323904e-16,0.0,-7.505752365952164e-16,4.727690210316963e-16,0.0,6.135152441222987e-16,0.0,0.0,0.0,1.9741898968474384e-16,0.0,-0.07499241092667684,0.20053595524578743,0.4344945957905899,-0.4241706759356143,0.4066109580156389,0.559052734645644,-7.978394017264205e-16,0.0
SD,2019,-0.5147062318411993,0.2483355460359571,1.2848219590125777e-17,1.4052402280643854,0.09061123440915435,2.257357641054741e-16,0.7307799381184173,3.812824032556489,0.0,0.4881919340843548,2.339894869351418,0.0,-0.4847557118867417,1.416342168036617,-1.1024317205753178,-0.17325650900711084,2.5812283232521445,0.0,-0.07499241092667684,0.20053595524578743,0.4344945957905899,-0.4241706759356143,0.4066109580156389,0.559052734645644,1.6494200423996606,0.25971868069635645
SD,2020,-0.2277152635920678,2.542883835801604,1.2848219590125777e-17,2.2176307956479806,2.5466300289429977,2.257357641054741e-16,-0.23841598406201195,2.25924867352343,0.0,1.1659401504310247,3.7451420447388553,0.0,-0.9721709479830662,0.35626288966177166,-1.3663873213518445,-1.084770428119498,0.5896530852807836,0.0,0.900812454143335,1.3418547670336065,-4.190904153674896,2.584096520235612,-1.3718443314745545,-0.9381082501938335,2.4634929153463916,1.914634541255356
SD,2021,-0.39990984454154677,0.2483355460359571,1.2848219590125777e-17,0.9152268698393597,-1.2209799542947828,2.257357641054741e-16,0.30871074620113326,0.47591921209815596,0.0,0.8515731473375564,2.812568919254466,0.0,-0.9259765899119354,-0.2629516604664478,-0.6228504177559948,-1.1498785651989545,0.42961578937237094,0.0,-0.660475329968684,-1.629197377937859,3.0456067930694912,-1.8195265325137913,0.5751625222100151,0.45211266429996694,1.0879904748501907,1.0833516898805728
SD,2022,0.11667389830689007,-1.2813633138078075,1.2848219590125777e-17,0.0,0.0,2.257357641054741e-16,0.0,3.0366463628323904e-16,0.0,-7.505752365952164e-16,4.727690210316963e-16,0.0,6.135152441222987e-16,0.0,0.0,0.0,1.9741898968474384e-16,0.0,1.6814563461993446,0.20053595524578743,0.4344945957905899,-0.4241706759356143,0.4066109580156389,0.559052734645644,-7.978394017264205e-16,0.0
TN,2019,1.609026933202374,-1.0264135038338467,-0.43245156042642086,1.5857714653051842,-0.012258662744095618,0.37793698037182066,1.5671022258063683,0.005470335771246515,-2.0643935896273518,1.1338273920505082,0.7515397286862274,-1.8728800032706665,1.6237792864254368,0.42239259889876696,-0.9783962462027372,2.3578223199567505,-0.850682577894935,-1.3299967129975137,-0.07499241092667684,0.20053595524578743,0.4344945957905899,-0.4241706759356143,0.4066109580156389,0.559052734645644,1.3265980410587153,0.6881098433680225
TN,2020,1.4368323522528952,-1.4088382187947879,-0.9532206930526036,0.6057447488551331,-1.7739056514935012,2.257357641054741e-16,1.3365273894811849,0.37745316821577757,-1.070728304657247,1.3180532164439929,0.811156275520845,-1.3070518741857844,0.9213660099606715,0.3843179178229194,-0.8056929017766103,0.35981636333093686,0.10954119755554467,-1.7303979996295922,-0.660475329968684,-1.1762930875458673,-0.6659026873483797,0.3935378636720285,-2.156317966696978,-2.7226706740873183,0.3019890802809329,1.1165010060396907
TN,2021,1.8386197078016795,0.3758104510229375,0.5512234678674801,-0.24533108385149033,-1.0538163714207516,2.257357641054741e-16,1.3638837259943417,-0.7931986868302607,-1.6940274379566775,1.5850961545556488,0.6152733359213849,-1.8182483218417804,0.9597893545245088,-0.18880622889769433,-0.6617171195348688,0.013929385096325814,-0.40613453370489566,-1.6233600319160664,1.2911344001713398,-0.9951313713890706,0.5650502056545331,0.7611316108350952,0.5468080534670338,-0.009066389065764593,-0.7226198804968496,1.501543062964821
TN,2022,2.5847962252494217,-2.04621274372969,-0.5481780343433503,0.0,0.0,2.257357641054741e-16,0.0,3.0366463628323904e-16,0.0,-7.505752365952164e-16,4.727690210316963e-16,0.0,6.135152441222987e-16,0.0,0.0,0.0,1.9741898968474384e-16,0.0,2.462100238255354,0.20053595524578743,0.4344945957905899,-0.4241706759356143,0.4066109580156389,0.559052734645644,-7.978394017264205e-16,0.0
TX,2019,-0.5721044254910257,-0.006614263938003691,-0.08527213867563226,-0.8127149723225726,0.489232085877998,-0.9881508519317143,0.007791044556403362,0.14769906582356665,-0.7229454549177102,-0.3551905096986574,-0.3087831400152026,-0.5714753063754393,0.7275223952509725,-0.37116391194516546,0.591142563024138,1.1655295596892075,-0.8329006561273339,0.8345488563204575,-0.07499241092667684,0.20053595524578743,0.4344945957905899,-0.4241706759356143,0.4066109580156389,0.559052734645644,-0.750691358874323,-0.5409648019161626
TX,2020,-0.6869008127906783,0.12086064104897669,-1.7633060104711102,-0.8385051490712582,0.489232085877998,2.257357641054741e-16,-0.28531256094171015,0.6619106283204227,-0.3932292467230853,-0.04420379696103395,0.16814923466174414,-0.18905353637324432,0.09979719305074616,-0.40723466243807277,0.6648203107440902,-0.3441653688406834,0.1451050410907484,0.11303366654780078,-0.46531435695468154,0.16430361201442809,-0.9643155098945361,0.9561813542277383,-1.8838000171116775,-1.9206201464947397,-0.750691358874323,0.11947157386932283
TX,2021,-0.1703170699422415,-0.13408916892498407,-1.9947589583049694,-0.21954090710280477,0.643536931607873,1.1245198654679387,-0.3361171858947166,-1.0885968184773909,-0.397745907109313,-0.04082350660518983,-0.5046660796146646,-0.4641630749972719,0.25262712536084225,-0.958315572746358,0.9335075099980461,-0.44589683302733374,-0.19275147249367974,0.442076308037529,1.6814563461993446,1.0701121927984114,0.19203417747183438,-0.4091668495207936,0.9642488432942281,0.3919588747305237,-0.20329753051358992,0.1577207848221511
TX,2022,-0.28511345724189413,-0.006614263938003691,-1.126810403927998,0.0,0.0,2.257357641054741e-16,0.0,3.0366463628323904e-16,0.0,-7.505752365952164e-16,4.727690210316963e-16,0.0,6.135152441222987e-16,0.0,0.0,0.0,1.9741898968474384e-16,0.0,-0.46531435695468154,0.20053595524578743,0.4344945957905899,-0.4241706759356143,0.4066109580156389,0.559052734645644,-7.978394017264205e-16,0.0
US,2019,-0.055520682642588866,-0.13408916892498407,-0.2588618495510266,0.14152156737879304,0.437797137301373,-0.13037477118298302,-0.0860021092029931,-0.07111436502615916,-0.2577294351362527,-0.5427966244479853,-0.5387326778058752,-0.43294497132362325,0.7275223952509725,0.33822751441531657,-0.06452179741947425,1.3079536095505186,-0.690645281986519,0.4262188313392281,-0.07499241092667684,0.20053595524578743,0.4344945957905899,-0.4241706759356143,0.4066109580156389,0.559052734645644,0.16163168839356545,-0.7628102254425619
US,2020,-0.1703170699422415,0.12086064104897669,-0.6060412713018151,-0.12927528848240533,-0.050834874176564356,-0.4004153891964725,-0.30485280130825154,0.12581772273859274,0.14876999962424406,-0.23350005688828349,-0.10012522609403898,-0.06027885871944323,0.10066063899600078,0.30816855567123,0.058837734313472806,-0.16104873330471267,0.4473977111399728,-0.04950546960977584,-0.46531435695468154,-0.17990364868348557,-0.6099502831209724,0.9486794410203296,-1.8806495205846805,-1.8537826025286925,-0.1050473561924327,-0.15337279759417918
US,2021,-0.11291887629241518,0.2483355460359571,-0.20099861259256177,-0.4516524978409748,-0.12798729704150183,0.18732007353876928,-0.4728988684605031,-0.3555718251308055,0.058436791899689505,-0.24871136348958012,-0.3087831400152035,-0.3880689472927531,0.20945482809810317,-0.14271582549009434,0.2592547269645362,-0.2953342660310912,-0.08605994188807019,0.10114055902407522,0.12016856208732553,-0.25236833514620427,-0.3674898648022148,-0.49168789480229946,0.8035735204173468,0.3384888395576852,-0.46997657509958807,-0.06667458610110368
US,2022,0.0018775110072374464,-0.13408916892498407,0.08831757219976202,0.0,0.0,2.257357641054741e-16,0.0,3.0366463628323904e-16,0.0,-7.505752365952164e-16,4.727690210316963e-16,0.0,6.135152441222987e-16,0.0,0.0,0.0,1.9741898968474384e-16,0.0,0.3153295351013279,0.20053595524578743,0.4344945957905899,-0.4241706759356143,0.4066109580156389,0.559052734645644,-7.978394017264205e-16,0.0
UT,2019,-1.0312899746896362,1.2681347859318002,1.2848219590125777e-17,-2.128013986505536,0.7335480916169667,2.257357641054741e-16,-0.8519795315713972,-0.07111436502616159,0.0,-1.4960385047959197,-1.1136065222825549,0.0,-1.8032376702907942,-0.39521107894043556,-0.09088356036514582,-1.316718166465061,1.443185330125653,0.0,-0.07499241092667684,0.20053595524578743,0.4344945957905899,-0.4241706759356143,0.4066109580156389,0.559052734645644,-2.070050842615577,-1.7011908674852607
UT,2020,-1.0312899746896362,0.5032853560099179,1.2848219590125777e-17,-2.295650135371992,0.36064471443643553,2.257357641054741e-16,-0.6722093201992211,2.8500449368176914,0.0,-1.2949112286232176,-0.002183756294309876,0.0,-2.00916952823406,-0.1326961725753988,-0.12231489310806151,-1.61377404189008,0.9986372859356173,0.0,-0.07499241092667684,-0.03497427575804824,1.2924314606107996,0.46855699574611887,-0.3447824636733097,0.07113866369349289,-2.252515452069155,-1.5150447075148343
UT,2021,-0.9738917810398099,0.5032853560099179,1.2848219590125777e-17,-2.011958191136451,-0.2694334056272205,2.257357641054741e-16,-0.9496807334041019,1.0667154753924177,0.0,-1.338855003249186,-0.3172997895630062,0.0,-1.9055560148034858,-0.40523073185513253,0.1544836178214846,-1.59342774905275,1.2120203471468345,0.0,0.12016856208732553,0.5990917307907401,-0.889712304257996,-0.6192204193282609,0.7846705412553622,0.5924715066286679,-1.9577649291056831,-1.400297074656352
UT,2022,-0.9738917810398099,0.5032853560099179,1.2848219590125777e-17,0.0,0.0,2.257357641054741e-16,0.0,3.0366463628323904e-16,0.0,-7.505752365952164e-16,4.727690210316963e-16,0.0,6.135152441222987e-16,0.0,0.0,0.0,1.9741898968474384e-16,0.0,-0.07499241092667684,0.20053595524578743,0.4344945957905899,-0.4241706759356143,0.4066109580156389,0.559052734645644,-7.978394017264205e-16,0.0
VA,2019,0.0018775110072374464,-0.771463693859886,0.31977052003362105,-0.46454758621531755,-0.873794051402564,1.2198283188844643,-0.3439332820413334,-0.84790204454269,0.022303508809867482,-1.090403662094671,-1.4585308289685628,-0.15003090678118308,-0.16010003647094373,0.053669371637947105,-0.7928499916235917,0.48189412035491724,-0.13940570719087497,-1.195208161061962,-0.07499241092667684,0.20053595524578743,0.4344945957905899,-0.4241706759356143,0.4066109580156389,0.559052734645644,-0.5120837926657983,-1.4206966538311931
VA,2020,-0.45730803819137306,-0.13408916892498407,-0.37458832346795606,0.05125594875839359,0.7592655659052792,-1.655310025847394,-0.7269219932255352,-0.9026054022551218,0.3836363397080877,-0.9315300153700156,-1.2924561627864086,-0.06418112167864931,-0.756741184641998,0.01158682939622475,-0.5937848842517934,-0.5394897800790522,0.46517963290757386,-1.0762770858247108,-1.6362801950386958,0.925182819872974,-1.3932839423046421,0.2810091655608811,-1.770382142139761,-1.118569618902163,0.16163168839356545,-0.9311067536350032
VA,2021,-0.055520682642588866,-0.5165138838859252,-0.6639045082602798,-0.7998198839482298,0.8749942002026854,0.39382172260790826,-0.8793358680845544,-0.9463680884250684,0.1442533392380173,-0.6813885290375791,-0.9773401295177114,-0.4368472342828302,-0.68032621848695,-0.11666472791188397,-0.4075626870330143,-0.7958530698294111,-0.19275147249367894,-0.905809211317984,1.2911344001713398,-0.9951313713890706,-0.2928866591656767,0.6861124787609965,0.6854299006549335,0.13797620765954105,-0.862977272384217,-0.45426659042308826
VA,2022,0.2314702856065427,-0.6439887888729056,0.03045433524129726,0.0,0.0,2.257357641054741e-16,0.0,3.0366463628323904e-16,0.0,-7.505752365952164e-16,4.727690210316963e-16,0.0,6.135152441222987e-16,0.0,0.0,0.0,1.9741898968474384e-16,0.0,0.900812454143335,0.20053595524578743,0.4344945957905899,-0.4241706759356143,0.4066109580156389,0.559052734645644,-7.978394017264205e-16,0.0
VI,2022,-2.9254303651339044,0.0,1.2848219590125777e-17,0.0,0.0,2.257357641054741e-16,0.0,3.0366463628323904e-16,0.0,-7.505752365952164e-16,4.727690210316963e-16,0.0,6.135152441222987e-16,0.0,0.0,0.0,1.9741898968474384e-16,0.0,-0.07499241092667684,0.20053595524578743,0.4344945957905899,-0.4241706759356143,0.4066109580156389,0.559052734645644,-7.978394017264205e-16,0.0
VT,2019,-0.2277152635920678,0.6307602609968982,1.2848219590125777e-17,1.7920928792946687,0.7978417773377479,2.257357641054741e-16,-0.2774964647950938,-2.062316585758675,0.0,0.1383318822545281,0.2873823283309813,0.0,-1.3861932787327345,0.672883921766168,0.0,-0.6290134685633044,1.1942384253792317,0.0,-0.07499241092667684,0.20053595524578743,0.4344945957905899,-0.4241706759356143,0.4066109580156389,0.559052734645644,2.0003135221180792,0.38976599793597
VT,2020,-0.5147062318411993,0.2483355460359571,1.2848219590125777e-17,1.8436732327920398,-0.1794222456181268,2.257357641054741e-16,-0.2774964647950938,-0.03829235039870253,0.0,0.6335444193856361,0.03188284189690169,0.0,-1.74106956223245,-0.17678264540006142,-1.0895888104222988,-1.2678870636554687,1.8877333743156897,0.0,-1.0507972759966888,0.2730006417085061,0.4344945957905899,1.773889893835381,-0.8882431145804098,-0.490296705621311,2.12663517481671,1.136900585214532
VT,2021,-0.2277152635920678,-0.26156407391196446,1.2848219590125777e-17,1.598666553679527,1.1064514687974978,2.257357641054741e-16,-0.8441634354247803,-0.28992779587588735,0.0,0.6301641290297919,0.8026396259730414,0.0,-1.7095537852306502,0.029622204642679832,-0.7015977352731917,-1.1824326337386823,2.6879198538577542,0.0,0.900812454143335,-0.14367130545212625,-2.2698716085339887,-0.4391745023504351,0.5216040812510551,0.699411576974345,1.789777434287028,1.5015430629648194
VT,2022,-0.11291887629241518,-0.38903897889894484,1.2848219590125777e-17,0.0,0.0,2.257357641054741e-16,0.0,3.0366463628323904e-16,0.0,-7.505752365952164e-16,4.727690210316963e-16,0.0,6.135152441222987e-16,0.0,0.0,0.0,1.9741898968474384e-16,0.0,0.3153295351013279,0.20053595524578743,0.4344945957905899,-0.4241706759356143,0.4066109580156389,0.559052734645644,-7.978394017264205e-16,0.0
WA,2019,-0.7442990064405046,0.2483355460359571,1.2848219590125777e-17,0.33494789299393474,1.2350388402390602,2.257357641054741e-16,-0.5471517818533591,-0.24616510970594319,0.14876999962424456,-0.6813885290375791,-0.4493078575539478,-0.3978246046907685,-0.7118419954887496,-0.23289270172235976,-0.41803979794731955,-0.783645294127013,0.5718711635131835,-0.782913766906158,-0.07499241092667684,0.20053595524578743,0.4344945957905899,-0.4241706759356143,0.4066109580156389,0.559052734645644,0.5405966464894576,-0.6710121191557767
WA,2020,-0.6869008127906783,-0.26156407391196446,1.2848219590125777e-17,-0.7998198839482298,0.7078306173286542,2.257357641054741e-16,-1.0708302236766551,-0.15863973736605116,1.20115186961531,-0.6746279483258908,-0.006442081068209785,0.4392108000589342,-1.1668780086380195,-0.44530934351391604,-0.42851690886162475,-1.369618527842119,1.2475841906820373,-0.5926240465265563,0.12016856208732553,-1.3936871469340233,-2.064712793033501,-0.39416302310597284,-1.2537007117121404,-0.40340789846544856,-0.7085841413081128,-0.31911937838976384
WA,2021,-0.801697200090331,0.7582351659838786,-1.1846736408864627,-1.0706167398094282,-0.6809129942402204,2.257357641054741e-16,-1.0747382717499638,-0.24616510970594196,0.6546359628817524,-0.4075850102142364,0.4449403449653309,0.24604878357823387,-1.1465870289245321,-0.7238556945424677,-0.3098889756061054,-1.5242503534058276,0.340706180534364,-0.993025333158635,-0.46531435695468154,-0.17990364868348557,0.4158437943814528,0.7611316108350885,0.48064762640008435,0.305070067574661,-0.975263185894111,0.08632225771020545
WA,2022,-0.7442990064405046,0.2483355460359571,-1.3004001148033921,0.0,0.0,2.257357641054741e-16,0.0,3.0366463628323904e-16,0.0,-7.505752365952164e-16,4.727690210316963e-16,0.0,6.135152441222987e-16,0.0,0.0,0.0,1.9741898968474384e-16,0.0,0.12016856208732553,0.20053595524578743,0.4344945957905899,-0.4241706759356143,0.4066109580156389,0.559052734645644,-7.978394017264205e-16,0.0
WI,2019,-0.6869008127906783,-0.5165138838859252,1.2848219590125777e-17,0.9797023117110737,-1.0538163714207516,2.257357641054741e-16,-0.2579562244285533,0.6290886136929661,1.4360182096991532,-0.35857080005450154,0.419390396321922,1.492821799044575,0.4641713819482642,1.6588177685722627,3.5392663857816835,0.6283874287836939,-0.08605994188807177,3.252814052811231,-0.07499241092667684,0.20053595524578743,0.4344945957905899,-0.4241706759356143,0.4066109580156389,0.559052734645644,1.228347866737558,-0.3726682737237225
WI,2020,-0.801697200090331,2.797833645775565,3.2707956049153237,0.12862647900445026,-1.7353294400610324,2.257357641054741e-16,-0.40646205121426393,-0.15863973736605116,2.5516333250974075,0.22959972186230873,0.08298273918371761,3.4517578045660247,0.10497786872227444,1.2900945413114457,4.526480610965082,-0.5516975557814501,0.8563819117948052,3.177491038494306,-0.46531435695468154,-0.9951313713890706,-0.2742358577565396,2.186495120242904,-0.9039955972153996,-1.3792360403697503,0.3300605586584064,0.6116114214623682
WI,2021,-0.6869008127906783,1.7780344058797217,1.2848219590125777e-17,-0.3098065257232042,0.5406670344546229,2.257357641054741e-16,-0.7777266181785412,-0.5962665990655064,2.7548830424776556,-0.04758408731687731,-0.18529172157206647,3.3620057565042853,0.09116273359819822,0.4043572236523133,4.982403921397264,-0.7266756741824889,-0.08605994188807098,3.5342842642060583,0.3153295351013279,-0.4154138796873213,-1.3373315380772368,-1.6544844419507763,0.356203013583677,0.27165129559163675,-0.17522605213611644,0.43566505107936343
WI,2022,-0.1703170699422415,0.3758104510229375,2.923616183164535,0.0,0.0,2.257357641054741e-16,0.0,3.0366463628323904e-16,0.0,-7.505752365952164e-16,4.727690210316963e-16,0.0,6.135152441222987e-16,0.0,0.0,0.0,1.9741898968474384e-16,0.0,1.6814563461993446,0.20053595524578743,0.4344945957905899,-0.4241706759356143,0.4066109580156389,0.559052734645644,-7.978394017264205e-16,0.0
WV,2019,2.6421944188992477,0.5032853560099179,1.2848219590125777e-17,0.9281219582137026,-3.1112143144857507,2.257357641054741e-16,2.6027349652330365,0.37745316821577757,-1.879210513792013,1.8859419962257407,1.1433056078851476,-1.0456002559189774,3.297569251301832,-1.2969798412630857,-1.5083352756746882,3.619292475871215,-3.8913912001547772,-1.706611784582142,-0.07499241092667684,0.20053595524578743,0.4344945957905899,-0.4241706759356143,0.4066109580156389,0.559052734645644,0.3581320370358799,1.1471003748019521
WV,2020,3.3309727426971634,-0.38903897889894484,1.2848219590125777e-17,1.1860237257005581,-0.9123702628350329,2.257357641054741e-16,2.321355503954847,-0.23522443816345806,-0.9261951722979591,2.316929016595817,1.058139112407121,-0.3158770825474417,2.1940853332662202,-0.20684160414415084,-1.2352544492631221,1.2102914039313342,-1.2063210132469626,-1.8215784906448178,2.266939265241352,0.5628593875593807,-0.9083631056671331,1.488817191953817,-3.619723603487404,-3.397729868144403,0.47041795054577384,1.9809331735735898
WV,2021,3.1013799680978584,-1.9187378387427094,-0.9532206930526036,0.902331781465017,-0.8866527885467204,2.257357641054741e-16,2.2353784463420676,-0.990130774595015,-1.5630442867560728,2.878057215665879,0.8324478993903511,-1.1665704076543664,2.266183069694995,-2.793915986718682,-0.9452750568607411,0.7992962886172664,-1.3130125438525722,-2.404340759307349,-0.8556363029826864,-0.19801982029916523,0.024176964789623147,2.0664645089243576,0.6696774180199482,-0.11600645941144223,0.21777464514851244,2.8836145520603162
WV,2022,3.5605655172964688,-0.5165138838859252,1.2848219590125777e-17,0.0,0.0,2.257357641054741e-16,0.0,3.0366463628323904e-16,0.0,-7.505752365952164e-16,4.727690210316963e-16,0.0,6.135152441222987e-16,0.0,0.0,0.0,1.9741898968474384e-16,0.0,1.486295373185342,0.20053595524578743,0.4344945957905899,-0.4241706759356143,0.4066109580156389,0.559052734645644,-7.978394017264205e-16,0.0
WY,2019,-0.055520682642588866,1.1406598809448198,1.2848219590125777e-17,3.584510163328315,-0.8609353142584079,2.257357641054741e-16,1.4498607836071227,0.15863973736605055,0.0,1.008756648884291,1.4924882393450574,0.0,-1.2946680085357274,-0.3871953566086789,0.3738270043822604,-0.6005286585910422,-0.19275147249367974,0.0,-0.07499241092667684,0.20053595524578743,0.4344945957905899,-0.4241706759356143,0.4066109580156389,0.559052734645644,3.9091740517862767,0.575912157906397
WY,2020,-0.3425116508917204,-0.26156407391196446,1.2848219590125777e-17,-0.5806033815844026,-0.449455725645408,2.257357641054741e-16,1.5553780815864433,-0.4102751828432348,0.0,1.826786914998475,0.4491986697392308,0.0,-1.7121441230664147,-1.2949759106801455,-1.0747180723503817,-1.308579649330129,0.5363073199779798,0.0,-1.0507972759966888,-5.650987476618745,0.9380662338372339,3.2067553164505984,-1.1166541127877425,-0.6039205303635931,-0.5541910102320086,1.741238118269204
WY,2021,-0.28511345724189413,0.7582351659838786,1.2848219590125777e-17,0.6831152791011897,-2.493994931566251,2.257357641054741e-16,1.035607687836456,-2.084197928843645,0.0,2.0684776754413026,1.5648797605013776,0.0,-1.7898542581393448,-1.7458602918414698,-0.5576219530314499,-1.4835577677311675,-0.5306079860781071,0.0,0.12016856208732553,1.9759207735823947,-2.0460619916243643,0.6486029127239512,0.1230662705858476,0.27165129559163703,0.8072756910754557,2.4450235998012273
WY,2022,-0.055520682642588866,0.2483355460359571,1.2848219590125777e-17,0.0,0.0,2.257357641054741e-16,0.0,3.0366463628323904e-16,0.0,-7.505752365952164e-16,4.727690210316963e-16,0.0,6.135152441222987e-16,0.0,0.0,0.0,1.9741898968474384e-16,0.0,0.7056514811293327,0.20053595524578743,0.4344945957905899,-0.4241706759356143,0.4066109580156389,0.559052734645644,-7.978394017264205e-16,0.0
