locationabbr,year,COPD_Prevalence_overall_z,COPD_Prevalence_sex_diff_z,COPD_Prevalence_race_diff_z,Smoking_Rate_overall_z,Smoking_Rate_sex_diff_z,Smoking_Rate_race_diff_z,Mortality_Underlying_overall_z,Mortality_Underlying_sex_diff_z,Mortality_Underlying_race_diff_z,Mortality_Any_Cause_overall_z,Mortality_Any_Cause_sex_diff_z,Mortality_Any_Cause_race_diff_z,Hospitalization_Any_Dx_overall_z,Hospitalization_Any_Dx_sex_diff_z,Hospitalization_Any_Dx_race_diff_z,Hospitalization_Principal_Dx_overall_z,Hospitalization_Principal_Dx_sex_diff_z,Hospitalization_Principal_Dx_race_diff_z,COPD_Prevalence_yoy_change_z,Smoking_Rate_yoy_change_z,Mortality_Underlying_yoy_change_z,Mortality_Any_Cause_yoy_change_z,Hospitalization_Any_Dx_yoy_change_z,Hospitalization_Principal_Dx_yoy_change_z,Smoking_vs_Prevalence_Diff_z,Mortality_Any_vs_Underlying_Diff_z
AK,2019,-0.8670134910203037,1.9230719799272125,-9.340164453865598e-18,1.9777914286823877,-1.0635291700285905,0.0,-1.0294269550547213,-4.819618834137438,5.060717925350181e-16,-1.2215600025151114,-2.924553412340521,2.1861564096451463e-16,-1.6477554058845527,-2.17654358809941,-1.304965285779311,-0.893537085272684,-1.9711635986111107,0.0,-0.0598587864909568,0.19863193413443037,0.4297895386848198,-0.4196111162651748,0.4022933359531351,0.5523798848954252,2.3587124669806587,-1.171299038285749
AK,2020,-0.8670134910203037,-0.5212744811478307,-2.899428903642703,-0.013341334335177864,-1.9070506381632002,0.0,-1.0254828873437278,-0.1159358482438554,5.060717925350181e-16,-0.8855325947341013,0.014986407840176947,2.1861564096451463e-16,-1.9923957435043356,-1.175455400160661,-1.0975847979263462,-1.7231034228813347,0.9360582551443599,0.0,-0.0598587864909568,-2.59766706334149,0.4485800193109426,1.069453468925417,-0.8533265424894187,-0.8063272654202166,0.19145162001591723,-0.6669028945365398
AK,2021,-0.3456685070349446,0.636573842519295,-9.340164453865598e-18,-0.4037595231621515,-1.3490287438587663,0.0,-0.5798032360014233,-2.213822625989819,5.060717925350181e-16,-0.003673864669218034,0.15680631144538762,2.1861564096451463e-16,-1.8926199694020218,-1.9702587493726387,-1.2050269914685892,-1.7395304790716046,0.3259005821339525,0.0,1.7635319404643426,-0.3496619869392796,2.55311384943693,3.4882385819253567,0.7658040213682358,0.5254747928099671,-0.3609874194064679,0.3727707895179511
AK,2022,-0.4035957274777623,-0.13532503992545547,-9.340164453865598e-18,0.0,0.0,0.0,0.0,3.0646344785661155e-16,5.060717925350181e-16,0.0,0.0,2.1861564096451463e-16,6.191698820370289e-16,0.0,0.0,-3.64753920184986e-16,0.0,0.0,-0.2624577561526567,0.19863193413443037,0.4297895386848198,-0.4196111162651748,0.4022933359531351,0.5523798848954252,-8.051929157166427e-16,5.714206248188894e-16
AL,2019,1.8555658697921271,-1.2931733635925813,-1.6094551615864494,0.5592720092777168,1.0387858736299753,-0.9171026831578679,1.8418543385487987,2.3021547008422845,-2.4389672397374964,-0.041199768076234,0.3845776717810262,-1.4825352048855278,2.028698663440006,1.6296139264475074,-0.6023274486459105,3.734785996335975,-1.217439414304137,-0.9781723863848234,-0.0598587864909568,0.19863193413443037,0.4297895386848198,-0.4196111162651748,0.4022933359531351,0.5523798848954252,0.14895630929111836,-1.2639432279539697
AL,2020,1.6238569880208564,-0.13532503992545547,-0.3755672344022071,1.1969550510284404,-0.5963480492155759,-2.231656858950775,1.5460492602242604,1.8384113078668578,-1.9968131608985107,0.3255306515832426,1.020618451586207,-1.4825352048855283,1.2496633617153894,2.210042835414015,-0.22201619213923926,1.3035816801759694,1.4923784864185536,-0.7381179116813169,-0.8702546651377565,1.0941786718881565,-0.9794965082745447,1.2055101315316572,-2.4359472995149893,-3.4295737437523948,0.8997067987625648,-0.5176428111821831
AL,2021,1.4500753266924034,0.12197458755612803,-0.48773886414622913,0.5852998885328484,1.1426039004773119,1.3432892532665208,1.3015170621426424,0.833633956420107,-2.0515126345693133,0.3391764346403402,0.20837718548364362,-1.640064375955152,1.4683858010139117,1.5871435184743496,-0.13128722870356624,0.9996811406559686,0.03876755954081944,-0.6821052009171653,-0.6676556954760565,-0.6603618755477152,-0.735220260134919,-0.3591414884401728,1.1991595546360214,0.05463568131444751,0.27644224146551494,-0.3375013312717508
AL,2022,1.2762936653639503,-1.421823177333373,-0.26339560465818507,0.0,0.0,0.0,0.0,3.0646344785661155e-16,5.060717925350181e-16,0.0,0.0,2.1861564096451463e-16,6.191698820370289e-16,0.0,0.0,-3.64753920184986e-16,0.0,0.0,-0.6676556954760565,0.19863193413443037,0.4297895386848198,-0.4196111162651748,0.4022933359531351,0.5523798848954252,-8.051929157166427e-16,5.714206248188894e-16
AR,2019,2.087274751563398,-1.421823177333373,-0.6559963087622621,1.704498696503506,0.454809472613707,-0.3239501892025318,2.338806870134024,1.2752943306824156,-3.118152371149957,1.0709315510771589,1.0034281602401192,-2.1343121501860978,0.614845445265297,-0.9064761496639904,-1.5027953564285212,1.1639517025586719,-2.0608926681714643,-1.7183403500539656,-0.0598587864909568,0.19863193413443037,0.4297895386848198,-0.4196111162651748,0.4022933359531351,0.5523798848954252,1.3388250095854863,0.08969132108727373
AR,2020,1.160439224478315,-0.907223922370206,-0.4316530492742181,1.1839411114008747,-1.0894836767404248,0.0,2.390079750376944,1.2311282932561847,-2.2703105292525225,1.3319071520441352,0.3888752446175453,-1.693230471191151,0.07544628221435995,-0.934789754979427,-1.0225458056111287,-0.22824130956673658,-0.5713901134695876,-1.4942895069973603,-3.3014423010781555,-0.5324266272971828,0.6740657868244454,0.7368705158879195,-1.5628867013564505,-1.727826669347161,0.9988625237870954,0.4499742809081356
AR,2021,1.508002547135221,-0.39262466740703894,-1.1046828277383502,1.0928435340079141,-0.8039841029102491,4.950297662454375,2.48868144315179,0.2594754698791082,-2.662323423893271,1.6679345598251458,0.1267233015897367,-1.7463965664271484,0.21138532815288377,-0.9873721648509582,-0.9267005472448729,-0.3062698264705207,-0.9841438334472168,-1.5302976782028865,1.1557350314792427,0.07069668588389806,0.8995515543379399,1.0694534689254187,0.8975568025448889,0.4245806974894983,0.8147161773129671,0.8926076315451977
AR,2022,1.6238569880208564,-1.8077726185557481,0.24137672918991407,0.0,0.0,0.0,0.0,3.0646344785661155e-16,5.060717925350181e-16,0.0,0.0,2.1861564096451463e-16,6.191698820370289e-16,0.0,0.0,-3.64753920184986e-16,0.0,0.0,0.34533915283244304,0.19863193413443037,0.4297895386848198,-0.4196111162651748,0.4022933359531351,0.5523798848954252,-8.051929157166427e-16,5.714206248188894e-16
AZ,2019,-0.05603240482085621,-0.39262466740703894,1.3630930266301344,0.5983138281604141,-0.28489396867356614,0.0,-0.11834731381514277,-0.4803056570102613,0.32791447011058433,-1.0953365092369656,-1.3430466085006136,0.28966796964774194,-0.09012050450563663,-1.1855674020590345,-0.30626451532950627,0.12904716257164264,-1.325114297776561,-0.6500979376233645,-0.0598587864909568,0.19863193413443037,0.4297895386848198,-0.4196111162651748,0.4022933359531351,0.5523798848954252,0.6589000379887046,-1.575330643227717
AZ,2020,-0.4035957274777623,1.0225232837416702,1.1387497671420903,-1.6400837877809014,1.2853536873923996,0.0,-0.31949476707582913,-0.5023886757233742,-0.26010487185054015,-0.7593091014559558,-0.7843621397528215,0.09866384972582283,-0.5942277998609947,-1.2502842142086117,-0.39153609750588986,-0.6717718267040349,0.2182256986615276,-0.6180906743295644,-1.2754526044611563,-2.9449198800215064,-0.5285249732475494,1.0694534689254154,-1.434308685991281,-0.7592433542706645,-1.6925071554501652,-0.9371151144021872
AZ,2021,-0.5773773888062153,-0.006675226184663714,-0.03905234517014101,-1.2106237800712303,-0.5055072757241564,0.0,-0.256389683699928,-1.4188339523176658,-0.13703105609123503,-0.5972654276529304,-1.4118077738849564,-0.07461823845076376,-0.5432506576340483,-1.4060090434435244,-0.10809335835159063,-0.8894303212251166,-0.48166104390923387,-0.26200987018603045,-0.6676556954760565,0.8017552473155112,0.7304372287028159,0.2984657141566846,0.5880171359250427,0.19588741476310328,-1.182563426752579,-0.7338125870746997
AZ,2022,-0.11395962526367388,-1.1645235498517894,-9.340164453865598e-18,0.0,0.0,0.0,0.0,3.0646344785661155e-16,5.060717925350181e-16,0.0,0.0,2.1861564096451463e-16,6.191698820370289e-16,0.0,0.0,-3.64753920184986e-16,0.0,0.0,1.5609329708026425,0.19863193413443037,0.4297895386848198,-0.4196111162651748,0.4022933359531351,0.5523798848954252,-8.051929157166427e-16,5.714206248188894e-16
CA,2019,-1.0987223727915745,0.636573842519295,-0.5438246790182402,-2.160641372883533,0.8700815800030534,0.0,-1.1083083092745982,-0.16010188567008873,1.3033884172398897,-1.426246748371564,-0.9003966063389004,0.9926418955459387,0.05758249733141309,0.3919048940868747,1.0819568425020192,0.5274032751856975,0.23617151257359723,1.6344204799716655,-0.0598587864909568,0.19863193413443037,0.4297895386848198,-0.4196111162651748,0.4022933359531351,0.5523798848954252,-2.0891300555482877,-1.4286440095863655
CA,2020,-0.5773773888062153,-0.006675226184663714,-9.340164453865598e-18,-2.134613493628401,0.0,0.0,-1.226630340604414,-0.2373924511659915,1.914199206563849,-1.2590859059221273,-0.590971362109352,1.5735307138651782,-0.5885636729468898,0.557741725220161,0.9417703614040451,-0.6923056469418727,1.2231912777374925,0.8462416213618219,1.7635319404643426,0.23518486220601104,-0.13392488009892684,0.3211418245910583,-1.9517955132634341,-1.4453232024498495,-2.1882857805728184,-1.0992424463215758
CA,2021,-0.982867931905939,1.4084727249640454,0.12920509944589204,-2.459961984317546,-0.23298495524989785,0.0,-1.4277777938651002,-0.20426792309631714,1.5951189434841695,-1.303434700857692,-0.6984106830223897,1.1344181495086005,-0.663504429041204,0.1997768580178199,1.1082204898123453,-0.971565602176468,0.9001666273202187,0.33012450074928423,-1.4780515741228564,-0.2582796667603279,-0.5285249732475494,-0.6161374066964203,0.12926347616537398,0.09499331944263491,-2.4432576449216117,-1.0349062034964216
CA,2022,-0.982867931905939,0.636573842519295,-0.03905234517014101,0.0,0.0,0.0,0.0,3.0646344785661155e-16,5.060717925350181e-16,0.0,0.0,2.1861564096451463e-16,6.191698820370289e-16,0.0,0.0,-3.64753920184986e-16,0.0,0.0,-0.0598587864909568,0.19863193413443037,0.4297895386848198,-0.4196111162651748,0.4022933359531351,0.5523798848954252,-8.051929157166427e-16,5.714206248188894e-16
CO,2019,-1.0407951523487566,0.25062440129691976,0.5778916184219802,-0.1825225494935331,-1.881096131451366,0.0,0.23267471246330948,0.5575962225061628,0.10911657542737574,0.3084734227618719,0.24275776817581554,0.5436837579975116,-0.11277701216205706,-0.4878392710714213,-0.24145811287545452,-0.5033945007537642,0.4515212795184486,0.05806276275197734,-0.0598587864909568,0.19863193413443037,0.4297895386848198,-0.4196111162651748,0.4022933359531351,0.5523798848954252,0.04980058426658771,0.31358144611880895
CO,2020,-1.0407951523487566,0.3792742150377115,2.0361228050942666,0.05172836380265108,1.0777176336977266,0.0,0.04335946233560554,0.7342603722110863,1.0982653909743816,0.8406589619886492,0.9174767035096892,2.7431848090571362,-0.5258225748214175,-0.6314296980282939,0.43423390429020897,-1.1727970405072794,0.9898956968805723,-0.009952671747349302,-0.0598587864909568,0.5276082867786562,-0.47215353136917065,1.9387043689097712,-1.102545658691038,-0.5440026175869985,0.30477244861538083,1.240023342801029
CO,2021,-0.7511590501346683,-0.13532503992545547,1.6996079158622004,-0.5729407383205067,0.3639686991222875,0.0,-0.13017951694812474,0.4582226382971434,0.5375957858486593,0.8798905882778021,0.8272276739427403,1.8925272852811668,-0.4914021112664705,-0.694124109798193,0.5996607737123935,-1.2959999619343066,0.4335754656063774,-1.1302068870303768,0.9531360618175427,-0.6786383395835055,-0.39699160886467943,-0.24576093626830628,0.5276965855068171,0.3505916942544885,-0.44597804085606557,1.4124444735724422
CO,2022,-0.6932318296918507,1.0225232837416702,-9.340164453865598e-18,0.0,0.0,0.0,0.0,3.0646344785661155e-16,5.060717925350181e-16,0.0,0.0,2.1861564096451463e-16,6.191698820370289e-16,0.0,0.0,-3.64753920184986e-16,0.0,0.0,0.14274018317074313,0.19863193413443037,0.4297895386848198,-0.4196111162651748,0.4022933359531351,0.5523798848954252,-8.051929157166427e-16,5.714206248188894e-16
CT,2019,-0.8670134910203037,0.636573842519295,-0.20730978978617406,-0.33868982502432254,-0.12916692840256128,0.0,-1.2424066114483892,-1.2752943306824145,0.42363854903448783,-1.555881687413984,-2.322893215227513,-0.214425377775055,1.0226625830808678,0.8449225791339033,-0.07057386219398203,0.7697023539921845,-1.4686808090731291,-1.2622368481173054,-0.0598587864909568,0.19863193413443037,0.4297895386848198,-0.4196111162651748,0.4022933359531351,0.5523798848954252,-0.16267596935740655,-1.5367288975326245
CT,2020,-0.8670134910203037,0.636573842519295,-1.2729402723543835,-0.4297874024172831,-0.3497802354531515,0.0,-1.6368133825477738,-0.4361396195840304,0.6196449963548621,-1.3017289779755552,-1.6309839885475539,0.4373515675255144,0.530754945694351,0.9581770003956583,0.224465812136306,-0.3637645231364666,0.37973802387016536,-0.9461651230910222,-0.0598587864909568,0.07069668588389806,-1.449258523927667,0.7066357019754236,-1.3898619646304848,-1.3040714690011936,-0.2618316943819372,-0.8959399189940891
CT,2021,-0.9249407114631214,0.5079240287785033,0.18529091431790304,-1.0804843837955724,0.8830588333589705,0.0,-1.6959743982126816,-1.3636264055348761,0.4828963121778572,-1.73498259003838,-2.0822291363823093,0.18333577917574606,0.74773457671161,0.5739209282575546,0.44480758048008107,-0.29805629837538533,-0.28425709087645606,-1.262236848117305,-0.2624577561526567,-0.7151912676550861,0.14793232929294647,-2.339521799708879,1.1928100230130492,0.6600002532372583,-0.9559217695536518,-1.5109944004025628
CT,2022,-0.635304609249033,-0.6499242948886225,-0.26339560465818507,0.0,0.0,0.0,0.0,3.0646344785661155e-16,5.060717925350181e-16,0.0,0.0,2.1861564096451463e-16,6.191698820370289e-16,0.0,0.0,-3.64753920184986e-16,0.0,0.0,0.9531360618175427,0.19863193413443037,0.4297895386848198,-0.4196111162651748,0.4022933359531351,0.5523798848954252,-8.051929157166427e-16,5.714206248188894e-16
DC,2019,-0.6932318296918507,-2.0650722460373316,3.662611436382586,-1.7051534859187303,0.0,0.0,-2.2481438777518203,-0.9550905593422424,3.6554657850843864,-2.146061804633422,-2.0048728253249224,3.3949617543577055,-1.0700144606458275,-1.3736506373687374,0.7043742766249929,0.7738091180397519,0.8463291855840058,2.4266002464932357,-0.0598587864909568,0.19863193413443037,0.4297895386848198,-0.4196111162651748,0.4022933359531351,0.5523798848954252,-1.6925071554501652,-1.7709128214161853
DC,2020,-0.8670134910203037,-0.26397485366624723,2.653066768686388,-1.8613207614495197,0.0,0.0,-2.1810947266649245,-2.60027545346934,4.261718284935778,-1.5285901212997903,-2.8987679753213924,4.491758607929964,-1.3440710628744537,-1.4585914533150557,0.5740792990594784,-0.23645483766187192,0.1105508151891027,0.9742706745370248,-0.6676556954760565,-0.020685634295053584,0.7492277093289429,2.3166395428160094,-0.5961705117590848,-1.102283278360257,-1.8199930876245618,-0.883072670429058
DC,2021,-0.7511590501346683,0.3792742150377115,2.484809324070355,-1.8743347010770854,0.0,0.0,-2.6504387842731925,-0.9109245219160109,2.9215811800011235,-1.7452169273312026,-1.2570951517701827,3.8065067137770985,-1.1841684030685622,-1.2887098214224189,0.8698011460471768,-0.28162924218511504,1.1693538360012814,1.3063460312102075,0.34533915283244304,0.18035547009864003,-1.8062776558240399,-1.379566457987027,0.9848628623607412,0.4783908816604154,-1.8624883983493608,-0.9036602681331073
DC,2022,-1.156649593234392,-0.13532503992545547,3.045667472790465,0.0,0.0,0.0,0.0,3.0646344785661155e-16,5.060717925350181e-16,0.0,0.0,2.1861564096451463e-16,6.191698820370289e-16,0.0,0.0,-3.64753920184986e-16,0.0,0.0,-1.4780515741228564,0.19863193413443037,0.4297895386848198,-0.4196111162651748,0.4022933359531351,0.5523798848954252,-8.051929157166427e-16,5.714206248188894e-16
DE,2019,0.6970214609357736,1.9230719799272125,1.0265781373980682,0.3510489752366642,1.2723764340364827,0.0,-0.40232018900669997,-2.9867282809488604,0.163816049098178,-1.0595163287120866,-1.5751155416727731,-0.14156813615535405,-0.6160129033767838,-1.2644410168663271,-1.0106077841064347,1.1844855227965099,-2.671050341181873,-1.0181814655020742,-0.0598587864909568,0.19863193413443037,0.4297895386848198,-0.4196111162651748,0.4022933359531351,0.5523798848954252,0.20561672359085018,-1.3359998199181435
DE,2020,-0.5194501683633976,2.3090214211495876,-1.1046828277383502,-0.8722613497545199,-1.7643008512481124,0.0,-0.706013402753226,-0.7342603722110888,-0.5381605296771179,-0.46251331996409956,-1.4118077738849564,-0.383769236674901,-1.1780685740841412,-0.7264825158729815,-1.1177088913199726,-0.4992877367061967,-0.12274476566781752,-1.094198715824851,-4.314437149386655,-1.5193556852298606,-1.0170774695267946,2.225935101078513,-1.6454306124550753,-2.2053920538640455,-0.8284358373792553,-0.23713679246451053
DE,2021,-0.46152294792057996,0.7652236562600868,0.46571998867795816,-0.33868982502432254,0.8830588333589705,0.0,-0.3628795118967615,-0.7894679189938749,0.08632512806454094,-0.41987024791067207,-0.2987364092258905,-0.5964336176188937,-1.0952851807241426,-0.6071608934722007,-0.9403440003930947,-0.7374800514651162,0.09260500127703229,-0.7861288066220183,0.14274018317074313,0.9479669596018339,2.064561353157683,-0.23064352931205495,0.7038960880442677,0.16225604965628057,-0.2618316943819372,-0.396690674670893
DE,2022,0.11774925650759682,-1.421823177333373,1.2509213968861124,0.0,0.0,0.0,0.0,3.0646344785661155e-16,5.060717925350181e-16,0.0,0.0,2.1861564096451463e-16,6.191698820370289e-16,0.0,0.0,-3.64753920184986e-16,0.0,0.0,1.9661309101260425,0.19863193413443037,0.4297895386848198,-0.4196111162651748,0.4022933359531351,0.5523798848954252,-8.051929157166427e-16,5.714206248188894e-16
FL,2019,0.29153091783604984,-0.7785741086294142,-1.3290260872263944,-0.48184316092754625,-0.3497802354531515,-1.5423174740837626,-0.42204052756166927,-0.6128037692889539,-0.6338846086010219,-0.7951292819808351,-0.9046941791754214,-0.9626889403557695,1.7829626957819056,0.355501687252737,0.21832625821960613,2.6054258832548913,-1.3610059256007034,0.858244345096998,-0.0598587864909568,0.19863193413443037,0.4297895386848198,-0.4196111162651748,0.4022933359531351,0.5523798848954252,-0.601794180180328,-0.9242478658371567
FL,2020,0.05982203606477914,0.3792742150377115,-1.4972835318424274,0.6894114055533747,0.4677867259696241,-0.6766354558786776,-0.6034676422673859,-0.33676603537501093,-0.4561113191709145,-0.4232816936749459,-0.3674975746102344,-0.5924953883421531,1.133330908941076,0.33730008383567106,0.3987609261048341,0.765595589944617,-0.39193197434887855,0.014052775723001487,-0.8702546651377565,1.8435136973555601,-0.43457257011692296,1.2281862419660374,-1.9644945765093784,-2.460990428675898,0.7297255558633694,-0.24485714160352876
FL,2021,0.0,0.0,-9.340164453865598e-18,0.0,0.0,0.0,-0.7651744184181334,-0.6680113160717425,-0.1507059245089361,-0.45910187419982496,-0.6855179645128248,-0.8051597692861449,1.342032200622335,-0.2734648308259514,0.6003429463698045,0.5684709156613731,-0.8764689499747911,0.138080920986479,-0.0598587864909568,0.19863193413443037,-0.3406201669862985,-0.5783438893057953,1.1626497478039364,0.22951877986992597,-8.051929157166427e-16,-0.19338814734340537
FL,2022,0.05982203606477914,0.636573842519295,-0.8803395682503062,0.0,0.0,0.0,0.0,3.0646344785661155e-16,5.060717925350181e-16,0.0,0.0,2.1861564096451463e-16,6.191698820370289e-16,0.0,0.0,-3.64753920184986e-16,0.0,0.0,-0.0598587864909568,0.19863193413443037,0.4297895386848198,-0.4196111162651748,0.4022933359531351,0.5523798848954252,-8.051929157166427e-16,5.714206248188894e-16
GA,2019,0.5232397996073206,0.3792742150377115,-1.6655409764584606,1.4442199039521904,0.8571043266471363,1.1990089168990068,0.350996743793125,-0.04968679210450788,-1.586567108367494,-0.7848949446880121,-1.016431072924981,-1.0099476916766563,0.9786566739789737,0.45864410661612426,-0.6221104557108309,1.8333542423121871,-0.9303063917110039,-0.6941079246523411,-0.0598587864909568,0.19863193413443037,0.4297895386848198,-0.4196111162651748,0.4022933359531351,0.5523798848954252,1.4379807346100169,-1.4132033113083282
GA,2020,0.05982203606477914,0.12197458755612803,-1.1046828277383502,-0.02635527396274365,0.6624455263083802,-1.2697879498340137,0.2800035249952357,1.0434226341947048,-1.1125050032205415,-0.5682681386565998,-0.5093174782154442,-0.907553730481401,0.3590883299899335,0.6042569339526693,-0.3591328962788635,0.34670565709272394,0.6668710464632969,-0.622091582241289,-1.680650543784556,-1.8666085019098768,0.09156088741457181,0.5403442254566774,-1.8549651560131235,-1.8825309488385469,-0.04935514075794294,-1.040053102922434
GA,2021,0.05982203606477914,-1.421823177333373,-1.1607686426103614,-0.22156436837623047,-1.9459823982309514,-1.9430961862157465,0.2602831864402669,-0.34780754473156744,-1.35865263473915,-0.3414069953323648,-0.595268934945874,-1.2797163971333878,0.5634326009680346,-0.18043441336093766,-0.29193888952387326,0.3138515447121833,-0.033015696107463834,-0.5180679765364365,-0.0598587864909568,-0.07551502640242458,0.3358371355541974,0.5856964463254264,1.146775918746507,0.4985697007245087,-0.2618316943819372,-0.6849170425275832
GA,2022,0.29153091783604984,-2.322371873518915,-0.09513816004215203,0.0,0.0,0.0,0.0,3.0646344785661155e-16,5.060717925350181e-16,0.0,0.0,2.1861564096451463e-16,6.191698820370289e-16,0.0,0.0,-3.64753920184986e-16,0.0,0.0,0.7505370921558429,0.19863193413443037,0.4297895386848198,-0.4196111162651748,0.4022933359531351,0.5523798848954252,-8.051929157166427e-16,5.714206248188894e-16
GU,2019,-1.5621401363341159,2.0517217936680043,-9.340164453865598e-18,0.8846204999668615,3.3227824642713806,0.0,0.0,3.0646344785661155e-16,5.060717925350181e-16,0.0,0.0,2.1861564096451463e-16,6.191698820370289e-16,0.0,0.0,-3.64753920184986e-16,0.0,0.0,-0.0598587864909568,0.19863193413443037,0.4297895386848198,-0.4196111162651748,0.4022933359531351,0.5523798848954252,1.3388250095854863,5.714206248188894e-16
GU,2020,-1.3883584750056628,-0.907223922370206,-9.340164453865598e-18,-1.5750140896430724,0.0,0.0,0.0,3.0646344785661155e-16,5.060717925350181e-16,0.0,0.0,2.1861564096451463e-16,6.191698820370289e-16,0.0,0.0,-3.64753920184986e-16,0.0,0.0,0.547938122494143,-3.2556197686299417,0.4297895386848198,-0.4196111162651748,0.4022933359531351,0.5523798848954252,-1.3808748768016403,5.714206248188894e-16
GU,2021,0.0,0.0,-9.340164453865598e-18,0.0,0.0,0.0,0.0,3.0646344785661155e-16,5.060717925350181e-16,0.0,0.0,2.1861564096451463e-16,6.191698820370289e-16,0.0,0.0,-3.64753920184986e-16,0.0,0.0,-0.0598587864909568,0.19863193413443037,0.4297895386848198,-0.4196111162651748,0.4022933359531351,0.5523798848954252,-8.051929157166427e-16,5.714206248188894e-16
GU,2022,-0.3456685070349446,0.0,-9.340164453865598e-18,0.0,0.0,0.0,0.0,3.0646344785661155e-16,5.060717925350181e-16,0.0,0.0,2.1861564096451463e-16,6.191698820370289e-16,0.0,0.0,-3.64753920184986e-16,0.0,0.0,-0.0598587864909568,0.19863193413443037,0.4297895386848198,-0.4196111162651748,0.4022933359531351,0.5523798848954252,-8.051929157166427e-16,5.714206248188894e-16
HI,2019,-1.2145768136772097,1.5371225387048373,-9.340164453865598e-18,-1.718167425546296,1.2983309407483168,0.0,-2.4966201435444324,1.2973773493955305,5.060717925350181e-16,-2.603195537046166,-0.3417121375911059,2.1861564096451463e-16,-1.1349340691228789,1.5001803021483573,-1.491880593909944,-0.1337857364726825,1.5821075559789088,0.0,-0.0598587864909568,0.19863193413443037,0.4297895386848198,-0.4196111162651748,0.4022933359531351,0.5523798848954252,-1.5791863268507016,-2.2984700125824493
HI,2020,-1.677994577219751,1.5371225387048373,-9.340164453865598e-18,-1.601041968898204,0.0,0.0,-2.5202845498103956,0.8777999938463372,5.060717925350181e-16,-2.5366723446428194,-0.44915145850414323,2.1861564096451463e-16,-1.6094136236967642,1.2150218486142887,-1.7169975708555967,-1.1727970405072794,1.9230780203082538,0.0,-1.680650543784556,0.3631201104565433,0.3170466549280705,-0.12482168061830737,-1.3263666484007721,-1.1493671895098088,-1.3383795660768414,-2.182664775497172
HI,2021,-1.7938490181053866,1.5371225387048373,-9.340164453865598e-18,-2.5640735013380724,2.180784168950678,0.0,-2.4374591278795252,1.4409169710307814,5.060717925350181e-16,-2.352454273372012,-0.6253519448015239,2.1861564096451463e-16,-1.595906859516975,1.477933897971941,-1.8933392027963578,-1.1604767483645766,1.7974573229237578,0.0,-0.46505672581435664,-1.153826404514054,0.8243896318334425,0.3967288593723065,0.4515022060311622,0.5725587039595188,-2.358267023472014,-1.9587746504656354
HI,2022,-1.7938490181053866,1.4084727249640454,-9.340164453865598e-18,0.0,0.0,0.0,0.0,3.0646344785661155e-16,5.060717925350181e-16,0.0,0.0,2.1861564096451463e-16,6.191698820370289e-16,0.0,0.0,-3.64753920184986e-16,0.0,0.0,-0.0598587864909568,0.19863193413443037,0.4297895386848198,-0.4196111162651748,0.4022933359531351,0.5523798848954252,-8.051929157166427e-16,5.714206248188894e-16
IA,2019,-0.3456685070349446,0.5079240287785033,3.718697251254597,0.3770768544917958,-0.5055072757241564,0.0,0.4850950459669159,1.5734150833094727,5.060717925350181e-16,0.35964510922598475,1.8371572905252875,1.2486267985340784,-0.6735255766584671,1.9653323894734305,2.480069703866006,-0.515714792896467,0.7207084881995097,2.462608417698761,-0.0598587864909568,0.19863193413443037,0.4297895386848198,-0.4196111162651748,0.4022933359531351,0.5523798848954252,0.4889187950895092,0.22608415587659866
IA,2020,-0.28774128659212694,1.5371225387048373,-9.340164453865598e-18,1.040787775497651,0.28610517898678506,0.0,0.007862852936660449,2.125490551137357,5.060717925350181e-16,0.7059068542998176,2.1594752532644,1.9102493170264983,-1.1013850097085636,1.2898506626622352,2.103510396975095,-1.3001067259818742,1.3488119751219887,-0.6741033850937156,0.14274018317074313,1.1307315999597372,-1.8438586170762896,1.1148056897941658,-1.1565166774862914,-0.7323382621852063,1.1971739738361566,1.0598818628905973
IA,2021,-0.11395962526367388,0.12197458755612803,-9.340164453865598e-18,0.11679806194048001,-0.5184845290800735,0.0,0.10252047800051285,1.518207536526684,3.0902378904860974,0.6632637822463902,2.7396475861948,4.529171786059001,-1.1819898927169832,0.8813257859680396,2.254952726920353,-1.312427018124577,0.9001666273202179,0.2261008950444318,0.547938122494143,-1.098997012406683,0.8807610737118171,-0.6085787032182947,0.10862749839071721,0.5322010658313316,0.14895630929111836,0.9337828269532953
IA,2022,-0.17188684570649157,-0.006675226184663714,2.653066768686388,0.0,0.0,0.0,0.0,3.0646344785661155e-16,5.060717925350181e-16,0.0,0.0,2.1861564096451463e-16,6.191698820370289e-16,0.0,0.0,-3.64753920184986e-16,0.0,0.0,-0.2624577561526567,0.19863193413443037,0.4297895386848198,-0.4196111162651748,0.4022933359531351,0.5523798848954252,-8.051929157166427e-16,5.714206248188894e-16
ID,2019,-0.809086270577486,0.7652236562600868,-9.340164453865598e-18,-0.33868982502432254,-0.27191671531764905,0.0,0.9938797806851222,-0.2925999979487776,5.060717925350181e-16,0.24706739900493685,-0.34171213759110547,2.1861564096451463e-16,-1.2325313328736138,-0.6860345082794961,-1.2333371567511489,-0.9140709055105221,0.2182256986615276,0.0,-0.0598587864909568,0.19863193413443037,0.4297895386848198,-0.4196111162651748,0.4022933359531351,0.5523798848954252,-0.1768410729323395,-0.2757385381596022
ID,2020,-0.5194501683633976,0.8938734700008785,-9.340164453865598e-18,-1.0804843837955724,-0.49253002236823934,0.0,0.05124759775759236,1.0213396154815881,5.060717925350181e-16,0.08502372520191151,0.44044611865580513,2.1861564096451463e-16,-1.5026666164693978,-0.97928256333226,0.023224878200039965,-1.4561637597894421,0.5950877908150144,0.0,0.9531360618175427,-0.8431265159056185,-4.061135330959027,-1.1376879466870342,-0.581884065607399,-0.33548815392469683,-1.0550774945781825,0.0948382205132855
ID,2021,-0.5194501683633976,-0.13532503992545547,-9.340164453865598e-18,-0.8332195308718225,0.97389960685039,0.0,0.4022696240360446,-0.1048943388872977,5.060717925350181e-16,0.5233945059111478,0.51350485687667,2.1861564096451463e-16,-1.5815286911965543,-0.8963641477656169,-0.7254596133086079,-1.4315231755040365,0.20027988474945718,0.0,-0.0598587864909568,0.5458847508144467,2.1021423144099325,1.5229756776129049,0.11497703001368827,0.5927375230236126,-0.7859405266544564,0.5271777722983219
ID,2022,-0.3456685070349446,1.0225232837416702,-9.340164453865598e-18,0.0,0.0,0.0,0.0,3.0646344785661155e-16,5.060717925350181e-16,0.0,0.0,2.1861564096451463e-16,6.191698820370289e-16,0.0,0.0,-3.64753920184986e-16,0.0,0.0,0.547938122494143,0.19863193413443037,0.4297895386848198,-0.4196111162651748,0.4022933359531351,0.5523798848954252,-8.051929157166427e-16,5.714206248188894e-16
IL,2019,-0.46152294792057996,0.3792742150377115,0.5218058035499692,0.06474230343021686,3.309805210915463,-0.2598255952614144,-0.46148120467160775,-0.01656226403483719,1.0162161804681786,-1.1328624126439815,-1.2828805887893127,0.3664634405441835,0.7917404858135041,0.590100131294951,0.9134601961214853,1.5048131185067808,-1.0379812751834263,1.8624722309399961,-0.0598587864909568,0.19863193413443037,0.4297895386848198,-0.4196111162651748,0.4022933359531351,0.5523798848954252,0.17728651644098428,-1.4080564118823156
IL,2020,-0.22981406614930924,-0.13532503992545547,0.8022348779100242,-0.8982892290096515,-1.323074237146932,0.0,-0.5837473037124167,-0.06072830146106683,1.2167809172611204,-0.6245569937671248,-0.5479956337441371,1.3687427914746666,0.13252325342572732,0.6629065449632235,0.9659874907421374,-0.10093162409214186,0.8822208134081466,1.0462870169480765,0.7505370921558429,-1.153826404514054,-0.15271536072504963,1.8328825202160186,-1.99941700043572,-2.0775928664581187,-0.9275915624037859,-0.5613914563032883
IL,2021,-0.6932318296918507,1.5371225387048373,0.6900632481660022,0.07775624305778266,1.5968077679344095,0.0,-0.8282795017940354,0.1821849043832017,1.3079467067124575,-0.9332928354339406,-0.556590779417181,0.8311744951995744,0.27804774491119827,0.24022486561130674,1.3578956824247963,-0.2487751298045744,-0.08685313784367509,1.3423542024157344,-1.680650543784556,1.5693667368187052,-0.7352202601349233,-1.7877364458057659,0.9324792264712303,0.31023405612630134,0.24811203431564902,-0.8676319721510215
IL,2022,-0.5194501683633976,-0.39262466740703894,2.7652383984304096,0.0,0.0,0.0,0.0,3.0646344785661155e-16,5.060717925350181e-16,0.0,0.0,2.1861564096451463e-16,6.191698820370289e-16,0.0,0.0,-3.64753920184986e-16,0.0,0.0,0.547938122494143,0.19863193413443037,0.4297895386848198,-0.4196111162651748,0.4022933359531351,0.5523798848954252,-8.051929157166427e-16,5.714206248188894e-16
IN,2019,1.2762936653639503,-1.6791228048149565,-0.9364253831223173,1.470247783207322,0.16930989878353142,1.5997876290309905,1.8812950156587371,1.1207131996906077,0.004275917558336512,1.4137818503867163,0.8487155381253454,-0.5078234588922311,1.5241556660143312,1.235245852411033,0.6671958667960899,2.0756533211186743,-0.6431733691178708,0.9702697666252998,-0.0598587864909568,0.19863193413443037,0.4297895386848198,-0.4196111162651748,0.4022933359531351,0.5523798848954252,1.2821645952857545,0.9054748801102277
IN,2020,0.8708031222642266,-0.7785741086294142,-0.20730978978617406,1.157913232145743,-0.2070304485380637,0.9745728381050958,1.6367628175771194,1.474041499100452,0.29600644380261537,1.9169701006171622,1.592195638843563,0.14789171568508017,0.8788808998766603,1.8844363742864627,0.7756613193244496,0.19475538733272357,0.48741290734258946,0.15008364472165475,-1.4780515741228564,-0.24000320272453754,-0.735220260134919,1.8102064097816466,-1.9486207474519468,-2.5282531588895445,1.0413578345118943,1.824196427653428
IN,2021,0.986657563149862,-0.907223922370206,0.6339774332939911,0.41611867337449315,0.454809472613707,2.7059368745152654,1.408006890339476,0.7342603722110863,-0.14614763503636824,1.5707083555433294,0.547885439568842,-0.34044871463075393,1.1642657559334966,0.9763786038127301,1.402919077813927,0.15368774685704795,-0.4098777882609506,0.7302152919217937,0.34533915283244304,-0.8431265159056185,-0.6600583376304237,-1.9540279223245154,1.4420291392146674,0.4851171546817798,0.20561672359085018,1.4510462192675337
IN,2022,1.160439224478315,-0.006675226184663714,0.017033469701870002,0.0,0.0,0.0,0.0,3.0646344785661155e-16,5.060717925350181e-16,0.0,0.0,2.1861564096451463e-16,6.191698820370289e-16,0.0,0.0,-3.64753920184986e-16,0.0,0.0,0.547938122494143,0.19863193413443037,0.4297895386848198,-0.4196111162651748,0.4022933359531351,0.5523798848954252,-8.051929157166427e-16,5.714206248188894e-16
KS,2019,-0.05603240482085621,-1.93642243229654,0.29746254406192507,0.46817443188475627,-0.8818476230457515,0.0,1.0214882546620787,-0.30364150730533657,-1.1170632926931083,0.023617701444975672,-0.7929572854258635,-0.19867246066809302,-0.43824645868794526,0.29078487510315987,0.8169327650978186,-0.6717718267040349,0.2541173264856684,0.030056407369901537,-0.0598587864909568,0.19863193413443037,0.4297895386848198,-0.4196111162651748,0.4022933359531351,0.5523798848954252,0.5172490022393751,-0.6308745985544535
KS,2020,-0.17188684570649157,-0.26397485366624723,1.9239511753502445,1.3401083869316641,-0.5963480492155759,0.0,0.5442560616318233,0.6238452786455115,1.4355788119443296,0.30506197699759807,1.0850820441340279,1.5951909748872517,-0.9109832049805675,0.1431496473869424,0.5843118889206446,-1.3001067259818742,1.025787324704714,-1.0061787417668988,-0.46505672581435664,1.4231550245323825,-1.8438586170762896,0.8275749576254209,-1.320017116777801,-0.4767398873733529,1.4946411489097486,0.10513201936531018
KS,2021,-0.17188684570649157,0.3792742150377115,-0.20730978978617406,-0.2085504287486647,-0.8818476230457515,0.942510541134537,0.2523950510182792,-0.6790528254282965,1.2213392067336868,0.1327839659017505,-0.2815461178798055,0.8016377756240205,-0.9044476739258309,-0.46963766765435244,1.0618327491083932,-1.3740284788380905,0.7924917438477938,-0.8421415173861697,-0.0598587864909568,-1.9762672861246189,-0.9607060276484177,-1.1830401675557816,0.4261040795392768,0.43130697051086325,-0.19100617650727245,0.035648877114143336
KS,2022,0.1756764769504145,0.7652236562600868,-1.2168544574823723,0.0,0.0,0.0,0.0,3.0646344785661155e-16,5.060717925350181e-16,0.0,0.0,2.1861564096451463e-16,6.191698820370289e-16,0.0,0.0,-3.64753920184986e-16,0.0,0.0,1.1557350314792427,0.19863193413443037,0.4297895386848198,-0.4196111162651748,0.4022933359531351,0.5523798848954252,-8.051929157166427e-16,5.714206248188894e-16
KY,2019,2.087274751563398,-0.39262466740703894,-2.0581416805625374,1.769568394641335,-0.38871199552090274,0.0,2.634611948458562,0.833633956420107,-1.4042355294648197,2.5190902780115607,2.056333505187884,-0.7263951837513332,2.6783304502808347,-0.8053561306802756,-0.4798774566406234,2.8600452542040813,-3.4247745254888464,-1.9143848377284962,-0.0598587864909568,0.19863193413443037,0.4297895386848198,-0.4196111162651748,0.4022933359531351,0.5523798848954252,1.409650527460151,2.081541398954046
KY,2020,2.898255837762845,-2.451021687259707,-0.4316530492742181,1.717512636131072,-0.440621008944571,0.0,1.9404560313236454,1.2090452745430718,-0.7660750033054597,2.7135426865751895,1.5019466092766123,-0.7303334130280733,1.8047477992976946,-1.0541113773802078,0.02151944655651239,0.6793535449456979,-2.509538015973236,-0.8621460569447952,2.776526788772842,0.12552607799126905,-2.8773350515131564,0.4420810802410505,-2.7804093900611746,-3.0192710894491572,1.154678663111358,2.827841815725832
KY,2021,2.3189836333346685,-0.907223922370206,-1.8337984210744935,0.3510489752366642,-3.2177532271108245,0.0,2.110050942896381,-0.45822263829714216,-1.8737393451392064,3.3310143699088233,1.1925213650470647,-1.7877479738329263,2.0718331684012674,-1.0561337777598832,0.31007848064139487,0.4986559268527243,-1.8096512734024737,-1.4022686250276832,-2.085848483107956,-1.7203967896235541,1.237780205608192,2.316639542816018,1.3753590571734673,0.25642387195538424,-0.19100617650727245,3.648772274174801
KY,2022,2.4927652946631214,-1.421823177333373,-0.7681679385062842,0.0,0.0,0.0,0.0,3.0646344785661155e-16,5.060717925350181e-16,0.0,0.0,2.1861564096451463e-16,6.191698820370289e-16,0.0,0.0,-3.64753920184986e-16,0.0,0.0,0.547938122494143,0.19863193413443037,0.4297895386848198,-0.4196111162651748,0.4022933359531351,0.5523798848954252,-8.051929157166427e-16,5.714206248188894e-16
LA,2019,1.2183664449211327,-0.6499242948886225,-0.7120821236342731,0.6243417074155457,0.6364910195965461,-1.6224732165101594,-0.007913417907314951,0.35884905408812395,0.08176683859197409,-0.4761591030211964,-0.3374145647545844,0.2601312500721872,1.0688470025343406,0.1229256435901983,-0.8492739506287168,1.9319165794538082,-1.5225182508093404,-1.1982223215297034,-0.0598587864909568,0.19863193413443037,0.4297895386848198,-0.4196111162651748,0.4022933359531351,0.5523798848954252,0.37559796649004557,-0.7132249893706514
LA,2020,1.1025120040354974,-0.5212744811478307,-0.3194814195301961,-0.013341334335177864,-0.7001660760629125,-3.033214283214743,0.3036679312611988,0.3809320728012418,-0.711375529634658,0.2317158930657023,0.014986407840178856,-0.32863402680053255,0.5682253237415081,0.23415766447228378,-0.5351334418909197,0.3590259492354268,0.37973802387016536,-0.9381633072675721,-0.46505672581435664,-0.6969148036192958,1.9142375081486838,2.717250827156626,-1.4216096227453412,-2.023782682287201,-0.2901619015318031,0.15145411419942065
LA,2021,1.2183664449211327,1.665772352445629,0.07311928457388102,0.2599513978437037,0.986876860206307,0.060797374444172644,0.04335946233560554,0.3367660353750122,-0.6019765822930544,0.08672944808404844,0.6209441777897068,-0.3502942878226061,0.7350992166724521,-0.1136952008316852,-0.5603738302151291,0.3179583087597512,0.792491743847793,-0.9981769259434481,0.34533915283244304,0.5824376788860273,-0.8103821826394186,-1.0621009119057843,1.0102609888526266,0.4851171546817798,-0.021024933608077043,0.10255856965230314
LA,2022,1.3921481062495857,-2.5796715010004987,0.07311928457388102,0.0,0.0,0.0,0.0,3.0646344785661155e-16,5.060717925350181e-16,0.0,0.0,2.1861564096451463e-16,6.191698820370289e-16,0.0,0.0,-3.64753920184986e-16,0.0,0.0,0.547938122494143,0.19863193413443037,0.4297895386848198,-0.4196111162651748,0.4022933359531351,0.5523798848954252,-8.051929157166427e-16,5.714206248188894e-16
MA,2019,-0.982867931905939,0.7652236562600868,-9.340164453865598e-18,0.7284532244360721,1.0517631269858925,0.0,-0.8795523820369554,-1.2200867838996259,-0.5062525033691504,-1.4654783746607172,-1.9661946697962303,-0.5275146052759326,0.3743379024509862,0.41010649750394357,-1.5918188882206656,1.849781298502457,-0.39193197434887855,-1.614316744349113,-0.0598587864909568,0.19863193413443037,0.4297895386848198,-0.4196111162651748,0.4022933359531351,0.5523798848954252,1.0271927309369613,-1.6370934363398646
MA,2020,-1.2145768136772097,-0.26397485366624723,0.18529091431790304,-0.6640383157134673,0.3250369390545363,0.0,-1.2739591531363401,-0.8005094283504338,0.20028236487871212,-1.26932024321495,-1.1453582580206239,-0.26759147301105296,-0.307971539663527,-0.04493358792276037,-0.9567161441709603,-0.031116635283493083,0.5233045351667319,-1.2462332164704046,-0.8702546651377565,-1.7569497176951347,-1.449258523927667,0.4496397837191795,-2.0835482944400883,-2.528253158889544,-0.4318129372811326,-1.083801748043539
MA,2021,-0.46152294792057996,-0.26397485366624723,-9.340164453865598e-18,0.06474230343021686,-1.0505519166726736,0.0,-1.3765049136221796,-0.9661320686987983,0.04530052281143924,-1.393838013610959,-1.4547835022501705,-0.5491748662980057,-0.229980869077002,-0.23301682323246603,-1.0239101509259505,-0.01879634314079025,0.1105508151891027,-1.1942214136179783,2.5739278191111423,1.222113920138689,-0.0587629575944252,-0.971396470168288,0.686434876081097,0.572558703959519,0.17728651644098428,-1.2047538845548293
MA,2022,-0.5773773888062153,-1.1645235498517894,0.017033469701870002,0.0,0.0,0.0,0.0,3.0646344785661155e-16,5.060717925350181e-16,0.0,0.0,2.1861564096451463e-16,6.191698820370289e-16,0.0,0.0,-3.64753920184986e-16,0.0,0.0,-0.46505672581435664,0.19863193413443037,0.4297895386848198,-0.4196111162651748,0.4022933359531351,0.5523798848954252,-8.051929157166427e-16,5.714206248188894e-16
MD,2019,-0.6932318296918507,-0.006675226184663714,-0.3194814195301961,-0.8332195308718225,-0.07725791497889298,2.2410335684421643,-1.1122523769855925,-0.9661320686987995,-0.1187978982009676,-1.030519039715755,-1.3043684529719186,-0.5550822102131171,-0.9393038395510932,-0.6354744987876402,-1.3104226670385994,0.7081008932786707,0.07465918736496187,-1.3902659012925083,-0.0598587864909568,0.19863193413443037,0.4297895386848198,-0.4196111162651748,0.4022933359531351,0.5523798848954252,-0.7434452159296575,-0.8290302264559276
MD,2020,-0.982867931905939,0.5079240287785033,-0.15122397491416306,-1.0804843837955724,0.5586274994610436,-0.5002928225406047,-1.2897354239803154,-0.9330075406291276,-0.0002823719142293328,-0.5426822954245429,-1.153953403693669,-0.214425377775055,-1.464760536351925,-0.7871545272632081,-1.2217402215751605,-0.5649959614672779,0.792491743847793,-1.4702840595270101,-1.0728536347994564,-0.1486208825455859,-0.4157820894907981,1.7421780784785241,-1.5120904483726796,-1.5327647517275886,-0.9417566659787189,0.022781628549113354
MD,2021,-0.982867931905939,-0.907223922370206,-0.5999104938902512,-0.9763728667750462,0.6494682729524631,0.4776072350614358,-1.6249811794147928,-1.253211311969299,0.5375957858486593,-0.7064316921097052,-1.2785830159527898,-0.2734988169261645,-1.4312114769376096,-0.9853497644712844,-1.1681896679683916,-0.7292665233699812,0.6130336047270848,-1.510293138644261,-0.0598587864909568,0.344843646420753,-1.1674013145357958,-1.1452466501651581,0.5245218196953311,0.2833289640408425,-0.8284358373792553,-0.005526318293954787
MD,2022,-0.9249407114631214,-0.6499242948886225,-0.9925111979943283,0.0,0.0,0.0,0.0,3.0646344785661155e-16,5.060717925350181e-16,0.0,0.0,2.1861564096451463e-16,6.191698820370289e-16,0.0,0.0,-3.64753920184986e-16,0.0,0.0,0.14274018317074313,0.19863193413443037,0.4297895386848198,-0.4196111162651748,0.4022933359531351,0.5523798848954252,-8.051929157166427e-16,5.714206248188894e-16
ME,2019,0.986657563149862,0.25062440129691976,-9.340164453865598e-18,2.264098100488835,0.8571043266471363,0.0,1.0057119838181041,2.6996490376783573,5.060717925350181e-16,-0.09748862318675909,0.7154907801931797,2.1861564096451463e-16,0.09679568365983361,1.672084334420668,-1.834672354259006,-0.1132519162348447,0.7027626742874392,0.0,-0.0598587864909568,0.19863193413443037,0.4297895386848198,-0.4196111162651748,0.4022933359531351,0.5523798848954252,2.217061431231329,-0.8032957293258676
ME,2020,0.46531257916450286,0.5079240287785033,-9.340164453865598e-18,0.19488169970587474,-0.3627574888090686,0.0,0.25633911872927256,1.0102981061250305,5.060717925350181e-16,-0.1913033817042994,-0.31592670057197747,2.1861564096451463e-16,-0.2827008195852118,0.36561368915110765,-1.9949829287506071,-0.8647897369397111,1.4026494168582,0.0,-1.883249513446256,-2.707325847556232,-3.140401780278909,-0.8353398075620377,-0.9803171749488432,-0.6785280780142894,0.09229589499138656,-0.455880018070034
ME,2021,0.8708031222642266,-0.5212744811478307,-9.340164453865598e-18,1.3401083869316641,-1.2062789569436783,0.0,0.3983255563250512,0.966132068698802,5.060717925350181e-16,0.16178125489808112,0.5693733037514489,2.1861564096451463e-16,-0.3432634073591054,0.18764245573977545,-1.6119429816142923,-1.2385052652683606,1.4923784864185545,0.0,1.3583340011409426,1.8069607692839795,1.1062468412253157,1.145040503706662,0.18164711205488607,-0.05971096004874999,1.2396692845609556,-0.015820117145980032
ME,2022,0.7549486813785913,0.3792742150377115,-9.340164453865598e-18,0.0,0.0,0.0,0.0,3.0646344785661155e-16,5.060717925350181e-16,0.0,0.0,2.1861564096451463e-16,6.191698820370289e-16,0.0,0.0,-3.64753920184986e-16,0.0,0.0,-0.46505672581435664,0.19863193413443037,0.4297895386848198,-0.4196111162651748,0.4022933359531351,0.5523798848954252,-8.051929157166427e-16,5.714206248188894e-16
MI,2019,0.6970214609357736,0.636573842519295,-0.03905234517014101,1.2490108095387036,1.1945129139009802,6.104540353394489,0.5205916553658602,-0.005520754678281923,-0.264663161323106,-0.09578290030462218,-0.3803902931197984,-0.37786189275979076,2.8556611928993574,2.5477836988196163,2.129774044285421,2.667027343968405,-1.0559270890955,2.746672879431243,-0.0598587864909568,0.19863193413443037,0.4297895386848198,-0.4196111162651748,0.4022933359531351,0.5523798848954252,1.1830088702612238,-0.48418796491310273
MI,2020,0.8128759018214089,-1.2931733635925813,-0.8803395682503062,-0.05238315321787523,0.3769459524782046,0.0,0.2918357281282177,0.27051697923566465,0.04530052281143873,0.32041348293683264,0.34160194341581035,0.45113536999410714,2.1711732404332653,2.329364457814796,2.574209530588733,0.8313038147056983,0.0028759317166786006,2.2705648379359573,0.34533915283244304,-1.6290144694446025,-0.6600583376304195,1.4247125323972865,-2.091485208968802,-2.4542641556545335,-0.2618316943819372,0.2929938484147608
MI,2021,0.5232397996073206,-0.39262466740703894,1.3070072117581233,-0.15649467023840152,-0.5963480492155759,0.028735077473613937,0.07491200402355547,-0.01656226403483596,0.387172233253953,0.3562336634617109,0.10093786457060679,-0.06871089453565264,2.4596080109823126,2.2464460422481527,2.941559506604592,0.7779158820873198,0.038767559540821034,2.506618404727738,-1.0728536347994564,0.05242022184810773,-0.6036868957520511,-0.2608783432245576,1.4531408195548683,0.464938335617686,-0.30432700510673605,0.4885760266032284
MI,2022,1.1025120040354974,-2.0650722460373316,2.3726376943263325,0.0,0.0,0.0,0.0,3.0646344785661155e-16,5.060717925350181e-16,0.0,0.0,2.1861564096451463e-16,6.191698820370289e-16,0.0,0.0,-3.64753920184986e-16,0.0,0.0,1.9661309101260425,0.19863193413443037,0.4297895386848198,-0.4196111162651748,0.4022933359531351,0.5523798848954252,-8.051929157166427e-16,5.714206248188894e-16
MN,2019,-1.2145768136772097,1.0225232837416702,1.2509213968861124,0.46817443188475627,0.1822871521394485,0.0,-0.8125032309500599,0.745301881567644,0.9751915752150775,-0.4232816936749459,0.29432864221407345,1.3195149255154084,0.4288006612404588,0.7438025601501914,1.312872287035666,0.3836665335208321,0.36179220995809497,0.7822270947742199,-0.0598587864909568,0.19863193413443037,0.4297895386848198,-0.4196111162651748,0.4022933359531351,0.5523798848954252,0.8005510737380341,-0.10846430681420152
MN,2020,-1.156649593234392,0.3792742150377115,1.0265781373980682,0.10378412231291423,-1.9849141582987027,0.0,-0.9939303456557771,-0.06072830146106805,0.8521177594557718,0.0747893879090885,0.2298650496662544,0.7898230877937983,-0.051343020247532116,0.4829129111722161,1.0649025260667426,-0.6389177143234942,-0.3380945326126673,1.4863868872378379,0.14274018317074313,-0.3131090588676989,-0.434572570116925,1.7875302993472713,-1.34700262617543,-1.1224620974243502,0.3897630700649785,0.7613616961818818
MN,2021,-1.0987223727915745,2.4376712348903795,0.6900632481660022,-0.24759224763136203,0.273127925630868,0.0,-1.1083083092745982,-0.601762259932395,0.6925776279159324,-0.024142539254863316,0.11812815591669275,0.9256919978413489,0.10376691678488595,0.5678537271185315,1.532872969050736,-0.6881988828943052,-0.05096151001953505,1.7904558885289452,0.14274018317074313,-0.29483259483190855,-0.11513439947279987,-0.8580159179964131,0.9674016503975716,0.4716646086390504,-0.0068598300331440916,0.6867316545047031
MN,2022,-0.809086270577486,0.636573842519295,0.3535483589339361,0.0,0.0,0.0,0.0,3.0646344785661155e-16,5.060717925350181e-16,0.0,0.0,2.1861564096451463e-16,6.191698820370289e-16,0.0,0.0,-3.64753920184986e-16,0.0,0.0,0.9531360618175427,0.19863193413443037,0.4297895386848198,-0.4196111162651748,0.4022933359531351,0.5523798848954252,-8.051929157166427e-16,5.714206248188894e-16
MO,2019,1.0445847835926796,-0.39262466740703894,-0.09513816004215203,1.9257356701721244,1.7784893149172487,-0.195701001320297,0.8716136816443132,-0.32572452601845203,-0.7888664506682951,-0.13330880371163814,-0.9304796161945512,-0.6082483054491155,1.814768946914957,-0.1986360167780065,0.772932628694805,1.660870152314349,-2.0967842959956067,0.6662007653341925,-0.0598587864909568,0.19863193413443037,0.4297895386848198,-0.4196111162651748,0.4022933359531351,0.5523798848954252,1.8346036347081396,-0.7698408830567871
MO,2020,0.8128759018214089,0.636573842519295,-0.03905234517014101,0.8585926207117299,-0.7520750894865808,4.629674692748788,0.8913340201992821,0.4140566008709137,-0.5108107928417168,0.25218456765134833,-0.027989320525037015,-0.43102798799578823,1.0997818495267608,-0.0530231894414586,1.0744529432704977,0.1619012749521833,-0.6611191830299412,0.33412540866100926,-0.8702546651377565,-1.3000381168003765,0.5237419418154422,1.2886558697910377,-2.202602012370796,-1.9027097679026401,0.7297255558633694,-0.20110849648242302
MO,2021,0.9287303427070442,-2.5796715010004987,0.24137672918991407,0.09077018268534844,-0.7001660760629125,-0.5644174164817222,0.6783543638056141,0.6238452786455115,-0.7615167138328934,0.3306478202296541,-0.07956019456329493,-0.6456614835781506,1.437015251951175,-1.2421946126899135,1.4847797967032552,0.14958098280948046,-1.6840305760179775,0.662199857422467,0.34533915283244304,-0.8796794439771991,-0.5848964151259242,-0.07191075627143777,1.63092770499806,0.5322010658313313,-0.13434576220754066,0.05623647481819211
MO,2022,0.9287303427070442,-1.2931733635925813,0.18529091431790304,0.0,0.0,0.0,0.0,3.0646344785661155e-16,5.060717925350181e-16,0.0,0.0,2.1861564096451463e-16,6.191698820370289e-16,0.0,0.0,-3.64753920184986e-16,0.0,0.0,-0.0598587864909568,0.19863193413443037,0.4297895386848198,-0.4196111162651748,0.4022933359531351,0.5523798848954252,-8.051929157166427e-16,5.714206248188894e-16
MS,2019,1.5659297675780388,-0.907223922370206,-0.48773886414622913,0.6243417074155457,0.2341961655631168,-2.9851208377589047,1.9444000990346388,2.059241494998012,-1.983138292480811,1.1493948036554646,2.146582534754837,-1.655817293062115,0.4396932129983533,1.5143371048060772,-1.5116636009748647,1.5212401746970508,0.9898956968805723,-1.7583494291712165,-0.0598587864909568,0.19863193413443037,0.4297895386848198,-0.4196111162651748,0.4022933359531351,0.5523798848954252,0.2906073450404479,0.46541497918617264
MS,2020,1.1025120040354974,-1.93642243229654,-0.8242537533782952,0.4291326130020589,0.20824165885128265,-1.9751584831863052,2.1652678908502945,2.291113191485723,-2.780838950180009,1.7156948005249832,2.589232536916551,-2.029949074352472,-0.26570843884289636,1.0350282148232814,-1.248003868885487,-0.12557220837754715,1.2231912777374925,-1.4462786120566595,-1.680650543784556,-0.07551502640242458,1.4820564537478134,2.0898784384722644,-2.167679588444457,-2.1448555966717633,0.19145162001591723,1.175687099975874
MS,2021,1.3342208858067681,-1.6791228048149565,-2.2263991251785704,0.5983138281604141,-1.7643008512481124,2.321189310868561,2.2125967033822205,1.1648792371168384,-2.6349736870578706,2.075602328655913,1.6695519499009528,-2.413926428834681,-0.2291094649363706,0.6002121331933216,-1.0569955248103875,-0.33912393885106135,0.8822208134081483,-1.262236848117305,0.7505370921558429,0.43622596659970464,0.6552753061983184,1.1752753176191646,0.5356335000355307,0.2026136877844677,0.3189375521903138,1.6878035928641013
MS,2022,2.1452019720062157,-0.5212744811478307,0.24137672918991407,0.0,0.0,0.0,0.0,3.0646344785661155e-16,5.060717925350181e-16,0.0,0.0,2.1861564096451463e-16,6.191698820370289e-16,0.0,0.0,-3.64753920184986e-16,0.0,0.0,2.776526788772842,0.19863193413443037,0.4297895386848198,-0.4196111162651748,0.4022933359531351,0.5523798848954252,-8.051929157166427e-16,5.714206248188894e-16
MT,2019,-0.11395962526367388,-0.907223922370206,-9.340164453865598e-18,1.288052628421401,-0.38871199552090274,0.0,1.3882865517845062,-0.778426409637322,5.060717925350181e-16,0.26241890494416986,-0.24716553518763357,2.1861564096451463e-16,-1.1933181465451934,-0.6860345082794961,0.008899252394407699,-0.6635582986088999,0.07465918736496187,0.0,-0.0598587864909568,0.19863193413443037,0.4297895386848198,-0.4196111162651748,0.4022933359531351,0.5523798848954252,1.423815631035084,-0.5099224620431644
MT,2020,-0.22981406614930924,0.12197458755612803,-9.340164453865598e-18,0.6763974659258088,2.4013974760012684,0.0,0.4456543688569774,-0.08281132017418226,5.060717925350181e-16,0.581389083903809,-0.5694834979267459,2.1861564096451463e-16,-1.661262170064342,-1.5172410643256085,-0.3632259322233301,-1.3740284788380905,0.07465918736496187,0.0,-0.46505672581435664,-0.6603618755477152,-4.061135330959022,0.9938664341441688,-1.3025559048146302,-0.6112653478006436,0.7863859701631012,0.5863671156974628
MT,2021,-0.635304609249033,-0.006675226184663714,-9.340164453865598e-18,0.9496901981046905,-1.5955965576211906,0.0,-0.023689688751290353,-1.9377848920758787,5.060717925350181e-16,0.6717923966570755,-0.23427281667806862,2.1861564096451463e-16,-1.6285845147906586,-2.360582022649767,0.0,-1.3822420069332257,-0.28425709087645445,0.0,-1.4780515741228564,0.5824376788860273,-1.8062776558240399,-0.018999831924559785,0.521347053883845,0.5389273388526961,1.1830088702612238,1.0290004663345234
MT,2022,-0.22981406614930924,-1.2931733635925813,-9.340164453865598e-18,0.0,0.0,0.0,0.0,3.0646344785661155e-16,5.060717925350181e-16,0.0,0.0,2.1861564096451463e-16,6.191698820370289e-16,0.0,0.0,-3.64753920184986e-16,0.0,0.0,1.3583340011409426,0.19863193413443037,0.4297895386848198,-0.4196111162651748,0.4022933359531351,0.5523798848954252,-8.051929157166427e-16,5.714206248188894e-16
NC,2019,0.5232397996073206,-0.26397485366624723,-0.4316530492742181,0.8716065603392957,3.9975996387790684,-1.382005989230969,0.3076119989721922,-0.35884905408812395,-0.5791851349302192,-0.3004696461610742,-0.35890242893719143,-0.6279394518328185,0.9904206298774997,0.3211208807982746,-0.592777031442155,1.8415677704073221,-0.445769416085093,-0.4740579895074611,-0.0598587864909568,0.19863193413443037,0.4297895386848198,-0.4196111162651748,0.4022933359531351,0.5523798848954252,0.8147161773129671,-0.6540356459715087
NC,2020,-0.22981406614930924,0.5079240287785033,-1.6655409764584606,-0.48184316092754625,-0.8688703696898344,2.85021721088278,-0.06313036586122886,0.20426792309631836,-0.09600645083813332,-0.26294374275405824,-0.29014126355284847,-0.3542325170993462,0.37695211487288033,0.3373000838356682,-0.28648150826458485,0.2563568480462374,0.9719498829685019,-0.4580543578605603,-2.6936453920930554,-1.702120325587764,-1.3365156401709155,-0.25331963974643024,-1.8327417953327243,-2.043961501351296,-0.47430824800593147,-0.35551547926279425
NC,2021,0.4073853587216852,-1.421823177333373,0.9704923225260573,-0.5469128590653751,1.5578760078666583,-0.1636387043497383,-0.2682218868329091,-0.01656226403483596,-0.35582895077444365,-0.08043139436538764,-0.20848737965894062,-0.8012215400094042,0.4375147026467739,-0.1258296031097311,-0.12924071073133392,-0.0475436914737634,-0.9303063917110039,-0.5540761477419625,2.1687298797877426,0.10724961395547872,-0.5473154538736744,0.3891701558941825,0.622939559851384,0.05463568131444751,-0.7009499052048587,0.05366302510518681
NC,2022,0.3494581382788675,-1.0358737361109978,-1.1607686426103614,0.0,0.0,0.0,0.0,3.0646344785661155e-16,5.060717925350181e-16,0.0,0.0,2.1861564096451463e-16,6.191698820370289e-16,0.0,0.0,-3.64753920184986e-16,0.0,0.0,-0.2624577561526567,0.19863193413443037,0.4297895386848198,-0.4196111162651748,0.4022933359531351,0.5523798848954252,-8.051929157166427e-16,5.714206248188894e-16
ND,2019,-0.6932318296918507,1.5371225387048373,-9.340164453865598e-18,-1.418846814112283,-0.9726883965371711,0.0,-0.40232018900669997,1.485083008457011,5.060717925350181e-16,-0.5000392233711155,0.7799543727410025,2.1861564096451463e-16,-0.7728656486904649,1.99364599478887,-1.1183910639773837,-0.4335795119451154,0.0028759317166786006,0.0,-0.0598587864909568,0.19863193413443037,0.4297895386848198,-0.4196111162651748,0.4022933359531351,0.5523798848954252,-1.3808748768016403,-0.4919083140521204
ND,2020,-0.4035957274777623,-0.39262466740703894,-9.340164453865598e-18,0.5852998885328484,-0.258939461961732,0.0,-0.4417608661166385,1.3305018774652053,5.060717925350181e-16,0.1549583633695327,2.4689004974939484,2.1861564096451463e-16,-1.06870735443488,1.5992779207523942,-0.49727285940460514,-1.3247473102672798,0.3259005821339525,0.0,0.9531360618175427,3.013207395646141,0.24188473242357092,2.4829310193347554,-0.6755396570462247,-0.9072213607406849,0.7297255558633694,0.5220308728723089
ND,2021,-0.8670134910203037,0.636573842519295,-9.340164453865598e-18,0.2599513978437037,1.0387858736299753,0.0,-0.6074117099783798,-0.27051697923566465,5.060717925350181e-16,-0.07701994860111305,0.5349927210592751,2.1861564096451463e-16,-1.0308012743174073,0.6568393438241991,-1.3953531628862776,-1.1194091078889008,1.0437331386167843,0.0,-1.680650543784556,-0.2582796667603279,-0.3594106476124234,-1.447594789290148,0.5403956487527581,0.8886935359636532,0.4889187950895092,0.2801265998497302
ND,2022,-0.46152294792057996,1.151173097482462,-2.899428903642703,0.0,0.0,0.0,0.0,3.0646344785661155e-16,5.060717925350181e-16,0.0,0.0,2.1861564096451463e-16,6.191698820370289e-16,0.0,0.0,-3.64753920184986e-16,0.0,0.0,1.3583340011409426,0.19863193413443037,0.4297895386848198,-0.4196111162651748,0.4022933359531351,0.5523798848954252,-8.051929157166427e-16,5.714206248188894e-16
NE,2019,-0.5194501683633976,-0.7785741086294142,2.9334958430464426,-0.7941777119891251,-0.10321242169072713,0.0,0.7493475826035034,1.7611207423709527,0.12734973331764265,0.5319231203218331,1.2526873847583646,1.0989740860179356,-0.7240670168150976,1.5183819055654248,1.16825168366452,-0.38429834337430446,1.707728253363405,0.35412994821963506,-0.0598587864909568,0.19863193413443037,0.4297895386848198,-0.4196111162651748,0.4022933359531351,0.5523798848954252,-0.7434452159296575,0.31358144611880956
NE,2020,-0.809086270577486,0.3792742150377115,1.3630930266301344,-0.15649467023840152,0.6364910195965461,0.0,0.4772069105449282,1.9709094201455506,3.1312624957391995,0.9327679976240526,1.9488941842748473,2.5856556379875113,-1.2094391231468775,1.111879429250903,1.1054917991827011,-1.3083202540770094,1.2770287194737047,1.3743614657095347,-1.0728536347994564,1.0941786718881565,-0.8667536245177954,1.356684201094157,-1.366051221044342,-0.9610315449116015,0.02147037711672181,1.0959101588726836
NE,2021,-0.5773773888062153,0.5079240287785033,-9.340164453865598e-18,0.546258069650151,-0.5574162891478247,0.0,0.11829674884448826,0.9771735780553573,2.1329971012470583,0.9310622747419149,1.9102160287461545,2.1583577614611573,-1.2055178045140353,0.6709961464819189,1.2449961076232654,-1.4438434676467395,0.8822208134081474,1.6504241116185663,0.7505370921558429,1.1855609920671082,-1.280144198292543,-0.4271698197433021,0.41657978210482083,0.33041287519039464,0.7297255558633694,1.3275206330432376
NE,2022,-0.635304609249033,0.8938734700008785,-9.340164453865598e-18,0.0,0.0,0.0,0.0,3.0646344785661155e-16,5.060717925350181e-16,0.0,0.0,2.1861564096451463e-16,6.191698820370289e-16,0.0,0.0,-3.64753920184986e-16,0.0,0.0,-0.2624577561526567,0.19863193413443037,0.4297895386848198,-0.4196111162651748,0.4022933359531351,0.5523798848954252,-8.051929157166427e-16,5.714206248188894e-16
NH,2019,-0.4035957274777623,0.3792742150377115,-9.340164453865598e-18,0.39009079411936154,-1.2322334636555126,0.0,0.08674420715653745,-0.9992565967684715,5.060717925350181e-16,-0.39769585044288913,-0.8617184508102045,2.1861564096451463e-16,-0.7663301176357283,-0.6981689105575406,-0.6166530744515423,-0.2610954219472772,-0.033015696107463834,0.0,-0.0598587864909568,0.19863193413443037,0.4297895386848198,-0.4196111162651748,0.4022933359531351,0.5523798848954252,0.5172490022393751,-0.6566090956845152
NH,2020,-0.22981406614930924,1.0225232837416702,-9.340164453865598e-18,1.6003871794829798,2.0380343820355904,0.0,-0.5955795068453982,-1.9819509295021094,5.060717925350181e-16,-0.5239193437210353,-0.4706393226867502,2.1861564096451463e-16,-1.241681076350245,-0.7285049162526553,-1.300531163506139,-0.9099641414629543,0.2182256986615276,0.0,0.547938122494143,1.8983430894629312,-2.820963609634784,-0.9789551736464136,-1.329541414212257,-0.5103712524801756,1.7921083239833406,-0.4018375740969053
NH,2021,0.11774925650759682,-1.0358737361109978,-9.340164453865598e-18,-0.02635527396274365,0.0,0.0,-0.35893544418576717,-0.4361396195840292,5.060717925350181e-16,-0.10260579183316984,-0.8703135964832514,2.1861564096451463e-16,-1.25562354260035,-1.2887098214224204,-0.5596916575577181,-1.234398501220793,0.056713373452889855,0.0,1.1557350314792427,-2.0859260703393607,1.5572183762523129,1.4473886428316582,0.3514970829693655,0.02100431620762482,-0.0635202443328759,0.07939752223524849
NH,2022,-0.28774128659212694,-0.6499242948886225,-9.340164453865598e-18,0.0,0.0,0.0,0.0,3.0646344785661155e-16,5.060717925350181e-16,0.0,0.0,2.1861564096451463e-16,6.191698820370289e-16,0.0,0.0,-3.64753920184986e-16,0.0,0.0,-1.4780515741228564,0.19863193413443037,0.4297895386848198,-0.4196111162651748,0.4022933359531351,0.5523798848954252,-8.051929157166427e-16,5.714206248188894e-16
NJ,2019,0.0,0.0,-9.340164453865598e-18,0.0,0.0,0.0,-1.4474981324200695,-1.4188339523176647,1.3398547330204256,-1.7128081925705974,-1.7899941834988478,0.80163777562402,0.08633883397225448,0.9076169909038052,0.30359784039598975,1.246086983510023,-0.5713901134695859,1.834465875557921,-0.0598587864909568,0.19863193413443037,0.4297895386848198,-0.4196111162651748,0.4022933359531351,0.5523798848954252,-8.051929157166427e-16,-1.6396668860528707
NJ,2020,-0.982867931905939,-0.5212744811478307,0.12920509944589204,-0.742121953478862,2.336511209221683,0.3333268986939216,-1.5934286377268414,-1.529249045883242,1.3216215751301585,-1.5592931331782578,-1.6911500082588529,1.0477771054203076,-0.5380222327902594,0.7822281673640029,0.18046567573329184,-0.2610954219472772,1.2231912777374925,0.3221226849258335,-0.0598587864909568,0.19863193413443037,-0.26545824448179894,0.2606721967660596,-1.8724263679762942,-1.9161623139453683,-0.5734639730304621,-1.3128387725010875
NJ,2021,-0.7511590501346683,-0.006675226184663714,0.18529091431790304,-1.171581961188533,-1.7772781046040294,-1.0934453164959408,-2.046996424491134,-1.297377349395531,0.8019765752575364,-1.9226121070734614,-1.71263787244146,0.39403104548136775,-0.32060689970268436,0.7620041635672573,0.2943885095209405,-0.06397074766403373,0.07465918736496187,0.6782034890693674,0.7505370921558429,-0.40449137904665056,-1.7311157333195404,-2.0296149571057622,1.1943974059187927,0.8752409899209238,-1.0975728053029814,-1.5650368443756921
NJ,2022,-0.6932318296918507,0.7652236562600868,0.12920509944589204,0.0,0.0,0.0,0.0,3.0646344785661155e-16,5.060717925350181e-16,0.0,0.0,2.1861564096451463e-16,6.191698820370289e-16,0.0,0.0,-3.64753920184986e-16,0.0,0.0,0.14274018317074313,0.19863193413443037,0.4297895386848198,-0.4196111162651748,0.4022933359531351,0.5523798848954252,-8.051929157166427e-16,5.714206248188894e-16
NM,2019,-0.635304609249033,1.7944221661864208,-9.340164453865598e-18,-0.6119825572032042,0.9219905934267216,0.0,0.13801708739945706,0.4692641476537011,5.060717925350181e-16,-0.5085678377818008,-0.06236990321720895,0.7996686609856496,-0.5680856756420481,-0.20470321791702656,-1.3407793502933925,0.014057769239750391,0.6668710464632984,-1.3902659012925083,-0.0598587864909568,0.19863193413443037,0.4297895386848198,-0.4196111162651748,0.4022933359531351,0.5523798848954252,-0.5168035587307304,-0.8573381732989958
NM,2020,-1.0407951523487566,0.636573842519295,-9.340164453865598e-18,-0.8852752893820857,0.5586274994610436,0.0,0.20901030619734637,1.5071660271701288,1.9643403907620849,0.016794809916427247,0.8487155381253454,1.4671985233931815,-1.0957208827944587,-0.46357046651532946,-1.0672281146715537,-0.9879926583667383,1.0975705803529965,0.0,-1.4780515741228564,-0.18517381061716656,0.7680181899550678,1.9084695549972686,-1.5200273629013932,-1.088830732317528,-0.7151150087797916,-0.11103775652720799
NM,2021,-0.7511590501346683,-0.6499242948886225,-9.340164453865598e-18,1.0538017151252168,-1.9589596515868684,0.0,-0.23272527743396398,0.49134716636681897,5.060717925350181e-16,-0.2612380198719206,0.46623155567493313,0.25028567688033504,-1.0403867198643544,-0.22088242095442015,-0.9973054172869191,-1.0454873550326844,1.6000533698909793,0.0,0.9531360618175427,2.9218250754671895,-1.6747442914411637,-1.6516797831995191,0.603890964982471,0.45821206259632125,1.3246599060105533,-0.2422836918905223
NM,2022,-0.7511590501346683,-0.006675226184663714,-9.340164453865598e-18,0.0,0.0,0.0,0.0,3.0646344785661155e-16,5.060717925350181e-16,0.0,0.0,2.1861564096451463e-16,6.191698820370289e-16,0.0,0.0,-3.64753920184986e-16,0.0,0.0,-0.0598587864909568,0.19863193413443037,0.4297895386848198,-0.4196111162651748,0.4022933359531351,0.5523798848954252,-8.051929157166427e-16,5.714206248188894e-16
NV,2019,0.6970214609357736,0.25062440129691976,1.5874362861181786,0.15583988082317737,1.1036721404095606,0.0,0.9859916452631344,-1.1869622558299515,-2.1791447398011847,-0.15718892406155727,-1.2914757344623529,-1.1517239456393185,0.8209325245246615,-4.184787165115932,0.6607152265506844,0.6382859044700219,-4.680981499333801,0.8182352659797457,-0.0598587864909568,0.19863193413443037,0.4297895386848198,-0.4196111162651748,0.4022933359531351,0.5523798848954252,-0.0068598300331440916,-0.8804992207160516
NV,2020,0.23360369739323217,2.3090214211495876,-9.340164453865598e-18,-1.4318607537398487,-0.5444390357919077,0.0,0.6270814835626946,-1.297377349395531,-0.5974182928204865,0.021911978562838757,-1.3516417541736565,-0.7263951837513332,0.2070283074497262,-3.764127886143687,0.6075057592726208,-0.5033945007537642,-2.0070552264352517,-0.18199171195152877,-1.680650543784556,-2.03109667823199,-1.280144198292543,0.3740527489379312,-1.8343291782384679,-1.3175240150439225,-1.6216816375755005,-0.37610307696684303
NV,2021,0.0018948156219614643,-1.0358737361109978,-9.340164453865598e-18,-0.2866340665140594,1.1166493937654778,0.0,0.14984929053243817,-2.88735469673984,-0.2464300034328396,0.2726532422369929,-1.605198551528423,-0.35226340246097615,0.31421101674740803,-3.551775846277893,0.9895224474228191,-0.7867612200359272,-0.5354984856454459,0.1420818288982044,-0.8702546651377565,1.8069607692839795,-1.8438586170762938,0.6915182950191723,0.7927895307658624,0.08826704642127019,-0.318492108681669,0.31358144611880956
NV,2022,0.23360369739323217,0.12197458755612803,0.29746254406192507,0.0,0.0,0.0,0.0,3.0646344785661155e-16,5.060717925350181e-16,0.0,0.0,2.1861564096451463e-16,6.191698820370289e-16,0.0,0.0,-3.64753920184986e-16,0.0,0.0,0.7505370921558429,0.19863193413443037,0.4297895386848198,-0.4196111162651748,0.4022933359531351,0.5523798848954252,-8.051929157166427e-16,5.714206248188894e-16
NY,2019,-0.5194501683633976,-1.2931733635925813,0.017033469701870002,-0.2736201268864936,0.5196957393932924,-1.7507224043923941,-1.317343897957272,-0.5023886757233742,0.08632512806454094,-1.6906337951028152,-1.5149495219614733,-0.1494445947088357,1.0339908369090778,0.8449225791339033,-0.15959739398612602,2.2070697706408366,0.2002798847494548,1.130306083094304,-0.0598587864909568,0.19863193413443037,0.4297895386848198,-0.4196111162651748,0.4022933359531351,0.5523798848954252,-0.1768410729323395,-1.6911358803129946
NY,2020,-0.982867931905939,0.7652236562600868,-0.15122397491416306,-1.106512263050704,-1.1803244502318442,-0.06745181343806218,-1.5776523668828666,-0.5686377318627206,0.5011294700681249,-1.4023666280216445,-1.0207286457615012,0.11441676683278525,0.19700715983246306,0.8833481863477134,-0.24009376756063217,0.12494039852407479,0.630979418639156,0.16208636845683017,-1.680650543784556,-0.9710617641561508,-0.8103821826394249,0.8578097715379202,-2.647069225978779,-2.857840536936408,-0.9700868731285848,-1.086375197756545
NY,2021,-0.6932318296918507,0.8938734700008785,-0.8803395682503062,-0.8071916516166909,0.5716047528169607,-1.4621617316573658,-1.8497930389414416,-0.9992565967684727,0.26409841749464835,-1.6718708433993068,-1.5278422404710372,-0.18882688747624085,0.41660100327161687,0.26449367016739567,-0.07466689813844811,0.19475538733272357,0.2182256986615284,0.7542207393921442,0.9531360618175427,0.6189906069576079,-0.8667536245177954,-1.6138862658088957,1.2023343204475063,0.6667265262586227,-0.7151150087797916,-1.3154122222140938
NY,2022,-0.8670134910203037,1.4084727249640454,-1.1046828277383502,0.0,0.0,0.0,0.0,3.0646344785661155e-16,5.060717925350181e-16,0.0,0.0,2.1861564096451463e-16,6.191698820370289e-16,0.0,0.0,-3.64753920184986e-16,0.0,0.0,-0.6676556954760565,0.19863193413443037,0.4297895386848198,-0.4196111162651748,0.4022933359531351,0.5523798848954252,-8.051929157166427e-16,5.714206248188894e-16
OH,2019,1.160439224478315,-1.1645235498517894,-0.8803395682503062,1.0538017151252168,0.14335539207169729,-3.1935257680675364,0.7730119888694665,0.005520754678279471,-0.09600645083813332,0.2538902905334845,-0.010799029178952958,-0.22033272169016568,2.5140707697717852,1.4617546949345488,0.9990728646265736,2.7738032092051617,-0.9661980195351447,2.1025267056435024,-0.0598587864909568,0.19863193413443037,0.4297895386848198,-0.4196111162651748,0.4022933359531351,0.5523798848954252,0.8572114880377659,-0.12133155537923322
OH,2020,0.5811670200501382,-0.13532503992545547,-0.7681679385062842,1.4181920246970587,-0.62230255592741,-2.632435571082759,0.6152492804297125,0.645928297358627,0.3461476280008518,0.654735167835704,0.7971446640870875,0.3192046892232967,1.8361183483604306,1.791405956821446,1.3289033444848262,0.8559443989911035,0.8463291855840074,1.3663596498860846,-2.085848483107956,0.7103729271365595,-0.3218296863601757,1.356684201094157,-2.0676744653826566,-2.588789616081825,1.3954854238852181,0.5863671156974622
OH,2021,0.986657563149862,-0.6499242948886225,-0.48773886414622913,0.910648379221993,-0.10321242169072713,-2.2476880074360546,0.3036679312611988,0.0938528295307412,0.482896312177858,0.5677433008467129,0.5908611679340559,0.22074895730478114,2.103203717464005,0.9076169909038081,2.00152558469214,0.765595589944617,-1.0200354612713576,2.782681050636769,1.3583340011409426,-0.5141501632613925,-1.0546584307790443,-0.805104993649535,1.375359057173472,0.40440187842540504,0.7438906594383023,0.6584237076616367
OH,2022,1.3921481062495857,-0.39262466740703894,1.6435221009901895,0.0,0.0,0.0,0.0,3.0646344785661155e-16,5.060717925350181e-16,0.0,0.0,2.1861564096451463e-16,6.191698820370289e-16,0.0,0.0,-3.64753920184986e-16,0.0,0.0,1.3583340011409426,0.19863193413443037,0.4297895386848198,-0.4196111162651748,0.4022933359531351,0.5523798848954252,-8.051929157166427e-16,5.714206248188894e-16
OK,2019,1.160439224478315,0.7652236562600868,-0.7681679385062842,0.4551604922571905,-1.2322334636555126,0.0,2.618835677614587,1.1980037651865103,-2.238402502944555,2.907995095138821,2.133689816245274,-1.8310684958770707,1.0531617280029726,-0.3482936448738992,-0.758203900864339,1.1844855227965099,-0.6431733691178708,-1.3182495588814558,-0.0598587864909568,0.19863193413443037,0.4297895386848198,-0.4196111162651748,0.4022933359531351,0.5523798848954252,0.20561672359085018,2.678581732371477
OK,2020,1.0445847835926796,-1.0358737361109978,-1.1046828277383502,0.24693745821613788,-0.9078021297575857,0.0,2.3111983961570672,0.49134716636681897,-0.29201289815850767,3.5766384649365652,2.554851954224377,-0.37983100739815995,0.36388105276340704,-0.9893945652306335,-0.34651270211675905,-0.2241345455191691,-0.14069057957988793,-0.7581224512399427,-0.46505672581435664,-0.0937914904382149,-1.0358679501529173,2.543400647159751,-2.1089464209319724,-1.7547317614326199,0.00730527354178886,3.8881030974843735
OK,2021,0.6970214609357736,-0.7785741086294142,-1.5533693467144385,0.15583988082317737,-1.128415436808176,0.0,2.3940238180879376,0.149060376313531,-1.1261798716382418,4.272573400848505,1.7898839893235525,-1.439214682841382,0.4680138475688787,-1.8064443186190247,-0.15141132209719338,-0.5362486131343048,-0.12274476566781752,-0.7221142800344169,-1.2754526044611563,0.07069668588389806,0.8243896318334404,2.6643399028097545,0.781677850425664,0.04118313527171867,-0.0068598300331440916,4.8840281364177605
OK,2022,0.8128759018214089,-0.26397485366624723,0.7461490630380132,0.0,0.0,0.0,0.0,3.0646344785661155e-16,5.060717925350181e-16,0.0,0.0,2.1861564096451463e-16,6.191698820370289e-16,0.0,0.0,-3.64753920184986e-16,0.0,0.0,0.34533915283244304,0.19863193413443037,0.4297895386848198,-0.4196111162651748,0.4022933359531351,0.5523798848954252,-8.051929157166427e-16,5.714206248188894e-16
OR,2019,-0.3456685070349446,-1.0358737361109978,-9.340164453865598e-18,0.05172836380265108,-0.27191671531764905,0.0,-0.09073883983818624,-0.19322641373976066,5.060717925350181e-16,0.042380653148484035,-0.2557606808606756,-0.20064157530646312,-0.00036587802058568836,-1.1289401914281556,-0.04840325082812161,-0.29394953432781784,-1.5584098786334812,1.294343307475033,-0.0598587864909568,0.19863193413443037,0.4297895386848198,-0.4196111162651748,0.4022933359531351,0.5523798848954252,0.1347912057161854,0.12314616735635364
OR,2020,-0.5773773888062153,1.0225232837416702,-9.340164453865598e-18,-0.1825225494935331,-1.9589596515868684,0.0,-0.5206422203365155,-0.21530943245287484,5.060717925350181e-16,0.032146315855661016,0.19118689413755954,-0.6220321079177069,-0.6155772013064684,-1.6426298878654109,-0.19848123545855698,-1.1317294000316036,-0.015069882195392615,-0.3420280284205325,-0.8702546651377565,-0.13034441850979556,-1.618372849562791,-0.4649633371339254,-1.8390913269556965,-0.8197798114629454,-0.0635202443328759,0.38821148779598813
OR,2021,-0.46152294792057996,-0.5212744811478307,-9.340164453865598e-18,-1.0284286252853094,0.06549187193619484,0.0,-0.5561388297354597,0.8115509377069915,5.060717925350181e-16,0.5080429999719139,1.0592966071148981,0.18333577917574606,-0.670039960095941,-1.6284730852076925,0.6126220542032041,-1.3576014226478204,0.12849662910117393,1.202322425505355,0.34533915283244304,-0.9893382281919411,0.2606752130496979,1.6892671541316528,0.20387047273528533,0.18243486872037415,-1.0125821838533837,1.1293650051417647
OR,2022,-0.17188684570649157,0.7652236562600868,-9.340164453865598e-18,0.0,0.0,0.0,0.0,3.0646344785661155e-16,5.060717925350181e-16,0.0,0.0,2.1861564096451463e-16,6.191698820370289e-16,0.0,0.0,-3.64753920184986e-16,0.0,0.0,0.9531360618175427,0.19863193413443037,0.4297895386848198,-0.4196111162651748,0.4022933359531351,0.5523798848954252,-8.051929157166427e-16,5.714206248188894e-16
PA,2019,0.11774925650759682,-0.13532503992545547,0.8022348779100242,0.20789563933344052,0.44183221925779,4.613643544263509,-0.5166981526255212,0.18218490438320292,1.1301734172823497,-0.9469386184910371,-0.7499815570606476,0.46098094318595845,1.7049720251953804,2.3394764597131696,1.417926876276971,2.2440306470689446,-0.10479895175574551,2.542626575933264,-0.0598587864909568,0.19863193413443037,0.4297895386848198,-0.4196111162651748,0.4022933359531351,0.5523798848954252,0.19145162001591723,-1.0915220971825574
PA,2020,0.1756764769504145,-0.907223922370206,-0.5438246790182402,0.8195508018290326,0.623513766240629,0.0,-0.706013402753226,0.12697735760041434,1.4492536803620295,-0.5750910301851482,-0.23427281667806957,1.0123330419296412,0.992599140229079,2.108922816430303,1.5628885659768232,0.46990857851975154,0.6489252325512265,1.8944794942337977,0.14274018317074313,1.057625743816576,-0.4721535313691748,1.2281862419660359,-2.1930777149363387,-2.3533700603340657,0.843046384462833,-0.40698447352291706
PA,2021,-0.05603240482085621,1.4084727249640454,-0.5999104938902512,-0.33868982502432254,1.7395575548494975,0.0,-0.9663218716788201,-0.23739245116599272,1.453811969834597,-0.721783198048939,-0.31592670057197747,0.34677229416048094,1.2230855354261267,1.8399435659336296,1.8094939816309248,0.3631327132829943,0.2182256986615284,2.254561206289056,-0.8702546651377565,-1.427973365050909,-0.8103821826394227,-1.0696596153839082,1.242018893091074,0.37749678633994616,-0.3609874194064679,-0.45845346778303986
PA,2022,0.29153091783604984,-1.0358737361109978,2.316551879454322,0.0,0.0,0.0,0.0,3.0646344785661155e-16,5.060717925350181e-16,0.0,0.0,2.1861564096451463e-16,6.191698820370289e-16,0.0,0.0,-3.64753920184986e-16,0.0,0.0,1.1557350314792427,0.19863193413443037,0.4297895386848198,-0.4196111162651748,0.4022933359531351,0.5523798848954252,-8.051929157166427e-16,5.714206248188894e-16
PR,2019,-0.9249407114631214,0.3792742150377115,-9.340164453865598e-18,-3.279840180854191,1.7006257947817462,0.0,0.0,3.0646344785661155e-16,5.060717925350181e-16,0.0,0.0,2.1861564096451463e-16,6.191698820370289e-16,0.0,0.0,-3.64753920184986e-16,0.0,0.0,-0.0598587864909568,0.19863193413443037,0.4297895386848198,-0.4196111162651748,0.4022933359531351,0.5523798848954252,-3.3498242737173207,5.714206248188894e-16
PR,2020,-0.5773773888062153,0.25062440129691976,-9.340164453865598e-18,-3.2147704827163617,0.0,0.0,0.0,3.0646344785661155e-16,5.060717925350181e-16,0.0,0.0,2.1861564096451463e-16,6.191698820370289e-16,0.0,0.0,-3.64753920184986e-16,0.0,0.0,1.1557350314792427,0.290014254313382,0.4297895386848198,-0.4196111162651748,0.4022933359531351,0.5523798848954252,-3.3639893772922536,5.714206248188894e-16
PR,2021,-0.809086270577486,-0.39262466740703894,-9.340164453865598e-18,-3.383951697874717,0.0,0.0,0.0,3.0646344785661155e-16,5.060717925350181e-16,0.0,0.0,2.1861564096451463e-16,6.191698820370289e-16,0.0,0.0,-3.64753920184986e-16,0.0,0.0,-0.8702546651377565,-0.038962098330843915,0.4297895386848198,-0.4196111162651748,0.4022933359531351,0.5523798848954252,-3.49147530946665,5.714206248188894e-16
PR,2022,-0.7511590501346683,1.0225232837416702,-9.340164453865598e-18,0.0,0.0,0.0,0.0,3.0646344785661155e-16,5.060717925350181e-16,0.0,0.0,2.1861564096451463e-16,6.191698820370289e-16,0.0,0.0,-3.64753920184986e-16,0.0,0.0,0.14274018317074313,0.19863193413443037,0.4297895386848198,-0.4196111162651748,0.4022933359531351,0.5523798848954252,-8.051929157166427e-16,5.714206248188894e-16
RI,2019,0.05982203606477914,1.0225232837416702,-0.8242537533782952,-1.2236377196987962,-1.7513235978921953,0.0,-0.5443066266024782,-1.4077924429611057,5.060717925350181e-16,-0.23906362240413837,-0.9175868976849844,-1.5928056246342657,1.8953738299233769,0.10270163979345417,-0.7609325914939832,4.038686535855975,-4.160552895883749,1.178316978035004,-0.0598587864909568,0.19863193413443037,0.4297895386848198,-0.4196111162651748,0.4022933359531351,0.5523798848954252,-1.3525446696517744,-0.005526318293954787
RI,2020,0.05982203606477914,0.25062440129691976,-9.340164453865598e-18,2.3031399193715325,0.805195313223468,0.0,-1.0215388196327335,-0.6459282973586258,5.060717925350181e-16,-0.029259707901274825,0.8659058294714314,-2.183540016145356,0.9189654903457122,0.08854483713573588,-0.5266062836732818,1.2050193430343474,0.0028759317166770068,-1.3262513747049065,-0.0598587864909568,5.1515536878336095,-1.8438586170762896,0.5101094115441764,-3.155031755816475,-4.0887484998461225,2.486198399155055,0.6223954116795491
RI,2021,-0.5194501683633976,1.5371225387048373,-9.340164453865598e-18,0.012686544919953711,1.6097850212903266,0.0,-1.3488964396452232,-1.7279962143012808,5.060717925350181e-16,-0.32434976651099334,-0.6339470904745679,-1.543577758675008,1.1555517145271808,-0.17234481184223943,-1.062452906069676,1.2707275677954286,-2.922291735950864,-1.7023367184070664,-2.085848483107956,-3.0180257361646676,-1.1298203532835458,-1.7272668179807655,1.2642422537714733,0.6600002532372583,0.1347912057161854,0.3907849375089952
RI,2022,0.0018948156219614643,0.8938734700008785,-9.340164453865598e-18,0.0,0.0,0.0,0.0,3.0646344785661155e-16,5.060717925350181e-16,0.0,0.0,2.1861564096451463e-16,6.191698820370289e-16,0.0,0.0,-3.64753920184986e-16,0.0,0.0,1.7635319404643426,0.19863193413443037,0.4297895386848198,-0.4196111162651748,0.4022933359531351,0.5523798848954252,-8.051929157166427e-16,5.714206248188894e-16
SC,2019,0.7549486813785913,-0.6499242948886225,-1.0485970128663393,0.9496901981046905,-0.07725791497889298,-1.285819098319293,0.4614306397009528,-0.08281132017418472,-1.5090761873338578,-0.03608259942982325,-0.29873640922588957,-1.1005269650416902,0.20354269088720003,0.3817928921885041,-0.6562190885813843,1.0366420170840767,-0.625227555205802,-0.6500979376233645,-0.0598587864909568,0.19863193413443037,0.4297895386848198,-0.4196111162651748,0.4022933359531351,0.5523798848954252,0.843046384462833,-0.35551547926279425
SC,2020,0.6390942404929559,0.5079240287785033,-0.9364253831223173,0.03871442417508529,-1.2581879703673466,-1.60644206802488,0.4456543688569774,1.4077924429611082,-0.5153690823142831,0.43299119315788054,0.7197883530297036,-0.6574761714083723,-0.25045886638184367,0.5456073229421151,-0.37345852208449654,-0.33912393885106135,1.097570580352998,-0.7141124642109665,-0.46505672581435664,-1.0807205483708928,0.35462761618032024,1.65903234021915,-1.2517596518308607,-1.7009215772617028,-0.1201806586326077,0.36247699066592587
SC,2021,0.4073853587216852,-0.006675226184663714,-0.5438246790182402,-1.0674704441680067,-0.18107594182622958,-0.5804485649670015,0.3549408115041184,0.7894679189938761,-0.38773697708241167,0.5182773372647362,0.3716849532714612,-0.8248509156698487,-0.16506126059995088,-0.2249272217137707,-0.21894641518088934,-0.5896365457526833,0.2182256986615284,-0.7861288066220185,-0.8702546651377565,-1.3548675089077475,-0.002391515716054707,-0.041675942358931746,0.7134203854787226,0.14207723059218733,-1.2675540482021768,0.550338819715377
SC,2022,0.4073853587216852,-0.006675226184663714,-0.20730978978617406,0.0,0.0,0.0,0.0,3.0646344785661155e-16,5.060717925350181e-16,0.0,0.0,2.1861564096451463e-16,6.191698820370289e-16,0.0,0.0,-3.64753920184986e-16,0.0,0.0,-0.0598587864909568,0.19863193413443037,0.4297895386848198,-0.4196111162651748,0.4022933359531351,0.5523798848954252,-8.051929157166427e-16,5.714206248188894e-16
SD,2019,-0.5194501683633976,0.25062440129691976,-9.340164453865598e-18,1.4181920246970587,0.09144637864802899,0.0,0.7375153794705224,3.8479660107603597,5.060717925350181e-16,0.4926914940326794,2.361461176580909,2.1861564096451463e-16,-0.4892236009148917,1.4293962888597573,-1.1125925963893895,-0.17485337694835812,2.605018948966943,0.0,-0.0598587864909568,0.19863193413443037,0.4297895386848198,-0.4196111162651748,0.4022933359531351,0.5523798848954252,1.6646223918089442,0.2621124518586856
SD,2020,-0.22981406614930924,2.5663210486311714,-9.340164453865598e-18,2.2380702212337034,2.5701017696281903,0.0,-0.2406134128559517,2.2800716821291664,5.060717925350181e-16,1.176686369769659,3.779660212633,2.1861564096451463e-16,-0.9811312383014082,0.3595464880120861,-1.378981019108412,-1.0947685236034954,0.5950877908150144,0.0,0.9531360618175427,1.3500491683892213,-4.2302496565941485,2.61142897846288,-1.3898619646304837,-0.9543052718902367,2.486198399155055,1.9322813155996887
SD,2021,-0.4035957274777623,0.25062440129691976,-9.340164453865598e-18,0.9236623188495588,-1.2322334636555126,0.0,0.31155606668318647,0.48030565701026007,5.060717925350181e-16,0.8594219136921568,2.8384917614347946,2.1861564096451463e-16,-0.9345111167776197,-0.2653752293072546,-0.6285910959562362,-1.1604767483645766,0.4335754656063774,0.0,-0.6676556954760565,-1.647290933480393,3.0604568263422998,-1.8255299631963942,0.5721433068676145,0.44475951655359214,1.0980182488116261,1.0933367091596773
SD,2022,0.11774925650759682,-1.2931733635925813,-9.340164453865598e-18,0.0,0.0,0.0,0.0,3.0646344785661155e-16,5.060717925350181e-16,0.0,0.0,2.1861564096451463e-16,6.191698820370289e-16,0.0,0.0,-3.64753920184986e-16,0.0,0.0,1.7635319404643426,0.19863193413443037,0.4297895386848198,-0.4196111162651748,0.4022933359531351,0.5523798848954252,-8.051929157166427e-16,5.714206248188894e-16
TN,2019,1.6238569880208564,-1.0358737361109978,-0.3755672344022071,1.6003871794829798,-0.012371648199307608,0.3814203441497597,1.5815458696232054,0.005520754678281923,-2.0834206608772807,1.144277635009053,0.7584665085583965,-1.8901419350281812,1.638745310507382,0.42628570054133713,-0.9874139137544582,2.379553860638675,-0.8585231360627222,-1.3422550063518073,-0.0598587864909568,0.19863193413443037,0.4297895386848198,-0.4196111162651748,0.4022933359531351,0.5523798848954252,1.3388250095854863,0.6944520036437207
TN,2020,1.4500753266924034,-1.421823177333373,-0.8803395682503062,0.6113277677879799,-1.7902553579599465,0.0,1.3488458746745677,0.38093207280123936,-1.0805969769125734,1.3302014291619983,0.8186325282696965,-1.319098689900793,0.9298580421036067,0.38786009332752414,-0.81311879978593,0.3631327132829943,0.1105508151891027,-1.7463467054360418,-0.6676556954760565,-1.1903793325856347,-0.6788488182565506,0.4042875628504339,-2.1803786516903965,-2.750220168594575,0.30477244861538083,1.1267915554287582
TN,2021,1.8555658697921271,0.3792742150377115,0.5778916184219802,-0.24759224763136203,-1.0635291700285905,0.0,1.3764543486515244,-0.800509428350435,-1.7096409241268,1.5997056445396616,0.6209441777897088,-1.8350067251538118,0.9686355263617106,-0.1905464152593054,-0.6678160237573726,0.014057769239750391,-0.409877788260949,-1.6383221918194644,1.3583340011409426,-1.0076146922277314,0.561322903067692,0.7746640332785496,0.5435704145642419,-0.019353321920562286,-0.7292801123547246,1.5153824620926906
TN,2022,2.608619735548757,-2.0650722460373316,-0.48773886414622913,0.0,0.0,0.0,0.0,3.0646344785661155e-16,5.060717925350181e-16,0.0,0.0,2.1861564096451463e-16,6.191698820370289e-16,0.0,0.0,-3.64753920184986e-16,0.0,0.0,2.5739278191111423,0.19863193413443037,0.4297895386848198,-0.4196111162651748,0.4022933359531351,0.5523798848954252,-8.051929157166427e-16,5.714206248188894e-16
TX,2019,-0.5773773888062153,-0.006675226184663714,-0.03905234517014101,-0.8202055912442567,0.49374123268145825,-0.9972584255842647,0.007862852936660449,0.14906037631352978,-0.7296086875249254,-0.35846422415373547,-0.31162912773545454,-0.5767424712351902,0.7342278125318208,-0.3745848498096634,0.5965909967540436,1.1762719947013742,-0.8405773221506518,0.8422407134500965,-0.0598587864909568,0.19863193413443037,0.4297895386848198,-0.4196111162651748,0.4022933359531351,0.5523798848954252,-0.7576103195045905,-0.5459507580252496
TX,2020,-0.6932318296918507,0.12197458755612803,-1.6655409764584606,-0.8462334704993882,0.49374123268145825,0.0,-0.2879422253878779,0.66801131607174,-0.39685355602754585,-0.0446112138405086,0.16969902995495065,-0.1907960021146118,0.10071700229267579,-0.41098805664380106,0.6709478164118499,-0.3473374669461963,0.14644244301324513,0.11407547351612894,-0.46505672581435664,0.16207900606284972,-0.9794965082745447,0.97119032370979,-1.905761408996892,-1.9430674060308266,-0.7576103195045905,0.12057271764334662
TX,2021,-0.17188684570649157,-0.13532503992545547,-1.8898842359465045,-0.22156436837623047,0.6494682729524631,1.1348843229578893,-0.33921510563079793,-1.098630180977492,-0.4014118455001127,-0.041199768076234,-0.5093174782154442,-0.46844116612482334,0.25495553518446185,-0.967148161054217,0.9421114477327508,-0.45000656813538575,-0.19452802131610078,0.4461508301893121,1.7635319404643426,1.0759022078523661,0.18551329054519625,-0.4044937093089234,0.9642268845860844,0.3842230593613112,-0.2051712800822054,0.15917446333844001
TX,2022,-0.28774128659212694,-0.006675226184663714,-1.0485970128663393,0.0,0.0,0.0,0.0,3.0646344785661155e-16,5.060717925350181e-16,0.0,0.0,2.1861564096451463e-16,6.191698820370289e-16,0.0,0.0,-3.64753920184986e-16,0.0,0.0,-0.46505672581435664,0.19863193413443037,0.4297895386848198,-0.4196111162651748,0.4022933359531351,0.5523798848954252,-8.051929157166427e-16,5.714206248188894e-16
US,2019,-0.05603240482085621,-0.13532503992545547,-0.20730978978617406,0.1428259411956116,0.44183221925779,-0.13157640737917958,-0.08679477212719196,-0.07176981081762332,-0.26010487185054015,-0.5477994640709545,-0.5436980609076161,-0.4369353319108985,0.7342278125318208,0.34134488459501583,-0.06511648093469262,1.32000873636624,-0.6970108108540821,0.430147198542411,-0.0598587864909568,0.19863193413443037,0.4297895386848198,-0.4196111162651748,0.4022933359531351,0.5523798848954252,0.16312141286605134,-0.7698408830567866
US,2020,-0.17188684570649157,0.12197458755612803,-0.5438246790182402,-0.13046679098326996,-0.05130340826705883,-0.4041059316289286,-0.3076625639428476,0.12697735760041312,0.15014118068047594,-0.23565217663986454,-0.10104805874590285,-0.06083443598217143,0.10158840643330717,0.311008878899904,0.0593800290428267,-0.1625330848056553,0.4515212795184486,-0.04996175086460014,-0.46505672581435664,-0.18517381061716656,-0.6224773763781739,0.963631620231666,-1.902586643185407,-1.8758046758171818,-0.10601555505767475,-0.15478640164831314
US,2021,-0.11395962526367388,0.25062440129691976,-0.15122397491416306,-0.45581528167241464,-0.12916692840256128,0.18904656232640746,-0.47725747551558273,-0.3588490540881252,0.0589753912291393,-0.25100368257909833,-0.3116291277354555,-0.39164569522838133,0.21138532815288377,-0.14403120652679996,0.26164422196520887,-0.29805629837538533,-0.08685313784367509,0.1020727497809532,0.14274018317074313,-0.2582796667603279,-0.3782011282385483,-0.48763944756829736,0.8023138282003196,0.33041287519039464,-0.47430824800593147,-0.0672891114061034
US,2022,0.0018948156219614643,-0.13532503992545547,0.12920509944589204,0.0,0.0,0.0,0.0,3.0646344785661155e-16,5.060717925350181e-16,0.0,0.0,2.1861564096451463e-16,6.191698820370289e-16,0.0,0.0,-3.64753920184986e-16,0.0,0.0,0.34533915283244304,0.19863193413443037,0.4297895386848198,-0.4196111162651748,0.4022933359531351,0.5523798848954252,-8.051929157166427e-16,5.714206248188894e-16
UT,2019,-1.0407951523487566,1.2798229112232538,-9.340164453865598e-18,-2.147627433255967,0.7403090464438826,0.0,-0.8598320434819862,-0.07176981081762576,5.060717925350181e-16,-1.509827169596282,-1.123870393838018,2.1861564096451463e-16,-1.8198577236592863,-0.39885365436575376,-0.09172121457372484,-1.3288540743148471,1.4564868585944128,0.0,-0.0598587864909568,0.19863193413443037,0.4297895386848198,-0.4196111162651748,0.4022933359531351,0.5523798848954252,-2.0891300555482877,-1.7168703774430558
UT,2020,-1.0407951523487566,0.5079240287785033,-9.340164453865598e-18,-2.316808648414322,0.3639686991222875,0.0,-0.6784049287762696,2.876313187383282,5.060717925350181e-16,-1.3068461466219667,-0.0022038835059099743,2.1861564096451463e-16,-2.027687611199914,-0.13391920462842932,-0.12344224314333978,-1.6286478497872803,1.007841510792643,0.0,-0.0598587864909568,-0.038962098330843915,1.2941516474865624,0.4798745976316771,-0.3548883100861801,0.06136195433581222,-2.2732764020224163,-1.529008548393606
UT,2021,-0.982867931905939,0.5079240287785033,-9.340164453865598e-18,-2.030501976607875,-0.27191671531764905,0.0,-0.9584337362568325,1.0765471622643754,5.060717925350181e-16,-1.351194941557531,-0.32022427340849846,2.1861564096451463e-16,-1.9231191143241262,-0.4089656562641258,0.15590746006649314,-1.6081140295494425,1.2231912777374925,0.0,0.14274018317074313,0.6007141429218176,-0.9043345857700451,-0.6161374066964186,0.7832652333314076,0.5860112500022479,-1.9758092269488243,-1.4132033113083282
UT,2022,-0.982867931905939,0.5079240287785033,-9.340164453865598e-18,0.0,0.0,0.0,0.0,3.0646344785661155e-16,5.060717925350181e-16,0.0,0.0,2.1861564096451463e-16,6.191698820370289e-16,0.0,0.0,-3.64753920184986e-16,0.0,0.0,-0.0598587864909568,0.19863193413443037,0.4297895386848198,-0.4196111162651748,0.4022933359531351,0.5523798848954252,-8.051929157166427e-16,5.714206248188894e-16
VA,2019,0.0018948156219614643,-0.7785741086294142,0.3535483589339361,-0.46882922129998045,-0.8818476230457515,1.2310712138695654,-0.34710324105278606,-0.8557169751332212,0.022509075448604445,-1.1004536778833767,-1.4719737935962591,-0.15141370934720533,-0.16157564403742472,0.05416403068127346,-0.8001575192951204,0.4863356347100215,-0.14069057957988793,-1.2062241373531537,-0.0598587864909568,0.19863193413443037,0.4297895386848198,-0.4196111162651748,0.4022933359531351,0.5523798848954252,-0.5168035587307304,-1.4337909090123775
VA,2020,-0.46152294792057996,-0.13532503992545547,-0.3194814195301961,0.05172836380265108,0.7662635531557168,-1.6705666619659976,-0.733621876730183,-0.9109245219160097,0.387172233253953,-0.940115726962489,-1.3043684529719186,-0.06477266525891204,-0.7637159052138335,0.011693622708115695,-0.5992576716875603,-0.5444621412294401,0.46946709343051907,-1.0861969000014005,-1.680650543784556,0.9296904955660436,-1.4116775626754172,0.2909070106785573,-1.7914698397834108,-1.1359146434670797,0.16312141286605134,-0.9396885641151943
VA,2021,-0.05603240482085621,-0.5212744811478307,-0.5999104938902512,-0.8071916516166909,0.8830588333589705,0.39745149263503904,-0.8874405174589431,-0.9550905593422419,0.1455828912079101,-0.6876687404061976,-0.9863480630693292,-0.44087356118764,-0.6865966387679404,-0.11774000159103432,-0.41131910457081033,-0.8031882762261975,-0.19452802131609997,-0.9141578597972212,1.3583340011409426,-1.0076146922277314,-0.30303920573405085,0.699076998497298,0.6832601102696098,0.12862468454945788,-0.8709311481040541,-0.458453467783041
VA,2022,0.23360369739323217,-0.6499242948886225,0.07311928457388102,0.0,0.0,0.0,0.0,3.0646344785661155e-16,5.060717925350181e-16,0.0,0.0,2.1861564096451463e-16,6.191698820370289e-16,0.0,0.0,-3.64753920184986e-16,0.0,0.0,0.9531360618175427,0.19863193413443037,0.4297895386848198,-0.4196111162651748,0.4022933359531351,0.5523798848954252,-8.051929157166427e-16,5.714206248188894e-16
VI,2019,0.0,0.0,-9.340164453865598e-18,0.0,0.0,0.0,0.0,3.0646344785661155e-16,5.060717925350181e-16,0.0,0.0,2.1861564096451463e-16,6.191698820370289e-16,0.0,0.0,-3.64753920184986e-16,0.0,0.0,-0.0598587864909568,0.19863193413443037,0.4297895386848198,-0.4196111162651748,0.4022933359531351,0.5523798848954252,-8.051929157166427e-16,5.714206248188894e-16
VI,2020,0.0,0.0,-9.340164453865598e-18,0.0,0.0,0.0,0.0,3.0646344785661155e-16,5.060717925350181e-16,0.0,0.0,2.1861564096451463e-16,6.191698820370289e-16,0.0,0.0,-3.64753920184986e-16,0.0,0.0,-0.0598587864909568,0.19863193413443037,0.4297895386848198,-0.4196111162651748,0.4022933359531351,0.5523798848954252,-8.051929157166427e-16,5.714206248188894e-16
VI,2021,0.0,0.0,-9.340164453865598e-18,0.0,0.0,0.0,0.0,3.0646344785661155e-16,5.060717925350181e-16,0.0,0.0,2.1861564096451463e-16,6.191698820370289e-16,0.0,0.0,-3.64753920184986e-16,0.0,0.0,-0.0598587864909568,0.19863193413443037,0.4297895386848198,-0.4196111162651748,0.4022933359531351,0.5523798848954252,-8.051929157166427e-16,5.714206248188894e-16
VI,2022,-2.95239342696174,0.0,-9.340164453865598e-18,0.0,0.0,0.0,0.0,3.0646344785661155e-16,5.060717925350181e-16,0.0,0.0,2.1861564096451463e-16,6.191698820370289e-16,0.0,0.0,-3.64753920184986e-16,0.0,0.0,-0.0598587864909568,0.19863193413443037,0.4297895386848198,-0.4196111162651748,0.4022933359531351,0.5523798848954252,-8.051929157166427e-16,5.714206248188894e-16
VT,2019,-0.22981406614930924,0.636573842519295,-9.340164453865598e-18,1.8086102135240325,0.805195313223468,0.0,-0.2800540899658902,-2.081324513711128,5.060717925350181e-16,0.13960685743029894,0.2900310693775524,2.1861564096451463e-16,-1.398969523734242,0.6790857480006156,0.0,-0.6348109502759267,1.2052454638254206,0.0,-0.0598587864909568,0.19863193413443037,0.4297895386848198,-0.4196111162651748,0.4022933359531351,0.5523798848954252,2.018749981182268,0.3933583872220005
VT,2020,-0.5194501683633976,0.25062440129691976,-9.340164453865598e-18,1.8606659720342955,-0.18107594182622958,0.0,-0.2800540899658902,-0.03864528274795262,5.060717925350181e-16,0.639383661896471,0.03217669918626292,2.1861564096451463e-16,-1.757116625533814,-0.17841201298126236,-1.0996313158985795,-1.2795729057440361,1.9051322063961833,0.0,-1.0728536347994564,0.2717377902775917,0.4297895386848198,1.7950890028253987,-0.9025354125674446,-0.5036449794588108,2.1462359133566644,1.1473791531328075
VT,2021,-0.22981406614930924,-0.26397485366624723,-9.340164453865598e-18,1.6134011191105455,1.1166493937654778,0.0,-0.8519439080599981,-0.2925999979487789,5.060717925350181e-16,0.6359722161321965,0.8100373825966525,2.1861564096451463e-16,-1.7253103744007618,0.029895226125185977,-0.7080642105446256,-1.1933308607451172,2.712693832439369,0.0,0.9531360618175427,-0.1486208825455859,-2.294830152103287,-0.4347285232214261,0.5181722880723599,0.6936316183440809,1.8062734275582737,1.5153824620926888
VT,2022,-0.11395962526367388,-0.39262466740703894,-9.340164453865598e-18,0.0,0.0,0.0,0.0,3.0646344785661155e-16,5.060717925350181e-16,0.0,0.0,2.1861564096451463e-16,6.191698820370289e-16,0.0,0.0,-3.64753920184986e-16,0.0,0.0,0.34533915283244304,0.19863193413443037,0.4297895386848198,-0.4196111162651748,0.4022933359531351,0.5523798848954252,-8.051929157166427e-16,5.714206248188894e-16
WA,2019,-0.7511590501346683,0.25062440129691976,-9.340164453865598e-18,0.3380350356090984,1.2464219273246486,0.0,-0.5521947620244663,-0.24843396052254924,0.15014118068047644,-0.6876687404061976,-0.45344903134066517,-0.4014912684202331,-0.7184028899009927,-0.2350392236121413,-0.421892780760682,-0.7908679840834947,0.5771419769029448,-0.7901297145337434,-0.0598587864909568,0.19863193413443037,0.4297895386848198,-0.4196111162651748,0.4022933359531351,0.5523798848954252,0.545579209389241,-0.677196693388565
WA,2020,-0.6932318296918507,-0.26397485366624723,-9.340164453865598e-18,-0.8071916516166909,0.7143545397320485,0.0,-1.0806998352976414,-0.16010188567008626,1.212222627788553,-0.6808458488776484,-0.006501456342430035,0.44325891144062507,-1.1776328720138254,-0.4494136638576097,-0.43246645695055363,-1.3822420069332257,1.2590829055616342,-0.5980861347709387,0.14274018317074313,-1.4096969010151186,-2.088134865215911,-0.3893763023526721,-1.2708082466997728,-0.4162034301810716,-0.7151150087797916,-0.32206063299371324
WA,2021,-0.809086270577486,0.7652236562600868,-1.1046828277383502,-1.0804843837955724,-0.6871888227069954,0.0,-1.0846439030086357,-0.24843396052254801,0.6606696016079638,-0.4113416334999867,0.4490412643288481,0.2483165622419658,-1.1571548747089837,-0.7305273166323292,-0.31274515557491134,-1.5382990407407937,0.34384639604602374,-1.0021778338551734,-0.46505672581435664,-0.18517381061716656,0.4109990580586928,0.7746640332785428,0.4769003325230464,0.2967815100835716,-0.9842519767035177,0.08711787137426613
WA,2022,-0.7511590501346683,0.25062440129691976,-1.2168544574823723,0.0,0.0,0.0,0.0,3.0646344785661155e-16,5.060717925350181e-16,0.0,0.0,2.1861564096451463e-16,6.191698820370289e-16,0.0,0.0,-3.64753920184986e-16,0.0,0.0,0.14274018317074313,0.19863193413443037,0.4297895386848198,-0.4196111162651748,0.4022933359531351,0.5523798848954252,-8.051929157166427e-16,5.714206248188894e-16
WI,2019,-0.6932318296918507,-0.5212744811478307,-9.340164453865598e-18,0.9887320169873878,-1.0635291700285905,0.0,-0.26033375141092135,0.6348867880020693,1.4492536803620295,-0.36187566991801007,0.4232558273097182,1.5065808161605874,0.46844954963919466,1.6741067348003404,3.5718870420524214,0.6341791404224544,-0.08685313784367668,3.2827945396024063,-0.0598587864909568,0.19863193413443037,0.4297895386848198,-0.4196111162651748,0.4022933359531351,0.5523798848954252,1.2396692845609556,-0.37610307696684303
WI,2020,-0.809086270577486,2.8236206761127547,3.213924917406498,0.12981200156804582,-1.7513235978921953,0.0,-0.41020832442868727,-0.16010188567008626,2.575151180086043,0.2317158930657023,0.08374757322452081,3.483571913084368,0.10594542713646474,1.3019850649402798,4.568200208201288,-0.5567824333721426,0.8642749994960762,3.2067772892796302,-0.46505672581435664,-1.0076146922277314,-0.28424872510792387,2.2108176941222615,-0.918409241624874,-1.3982392913002972,0.3331026557652467,0.6172485122535363
WI,2021,-0.6932318296918507,1.7944221661864208,-9.340164453865598e-18,-0.312661945769191,0.5456502461051266,0.0,-0.7848947569731026,-0.6017622599323962,2.78027420635155,-0.04802265960478243,-0.18699951547633364,3.3929926397193344,0.09200296088636004,0.4080840971242683,5.0283256656250535,-0.7333732874175487,-0.08685313784367589,3.5668590013348878,0.34533915283244304,-0.42276784308244086,-1.3553061207970425,-1.659238486677643,0.3514970829693666,0.26315014497674866,-0.1768410729323395,0.4396804820561121
WI,2022,-0.17188684570649157,0.3792742150377115,2.877410028174432,0.0,0.0,0.0,0.0,3.0646344785661155e-16,5.060717925350181e-16,0.0,0.0,2.1861564096451463e-16,6.191698820370289e-16,0.0,0.0,-3.64753920184986e-16,0.0,0.0,1.7635319404643426,0.19863193413443037,0.4297895386848198,-0.4196111162651748,0.4022933359531351,0.5523798848954252,-8.051929157166427e-16,5.714206248188894e-16
WV,2019,2.6665469559915747,0.5079240287785033,-9.340164453865598e-18,0.9366762584771247,-3.139889706975322,0.0,2.6267238130365747,0.38093207280123936,-1.8965307925020387,1.9033243175600654,1.1538432095183717,-1.055237328359173,3.327962237121664,-1.308933825219163,-1.522237277164736,3.652650715384624,-3.9272573150268246,-1.7223412579656914,-0.0598587864909568,0.19863193413443037,0.4297895386848198,-0.4196111162651748,0.4022933359531351,0.5523798848954252,0.3614328629151126,1.1576729519848317
WV,2020,3.3616736013053865,-0.39262466740703894,-9.340164453865598e-18,1.1969550510284404,-0.9207793831135027,0.0,2.3427509378450173,-0.23739245116599272,-0.934731713790434,2.338283652505027,1.067891752787942,-0.31878845360868124,2.214307745394528,-0.20874801867637713,-1.2466395235706647,1.221446399224618,-1.217439414304137,-1.8383675874057188,2.3713288494494424,0.564161214850237,-0.9231250663961721,1.5078582706566537,-3.6550573711254573,-3.4295737437523948,0.47475369151457625,1.9991910081378486
WV,2021,3.129964719534116,-1.93642243229654,-0.8803395682503062,0.910648379221993,-0.8948248764016686,0.0,2.2559814482031535,-0.9992565967684739,-1.5774505294223613,2.904583649374547,0.8401203924523034,-1.1773224359381322,2.287069991137264,-2.8196669088358197,-0.9539874535413166,0.8066632304202925,-1.3251142977765626,-2.4265010504293087,-0.8702546651377565,-0.2034502746529569,0.01639896491007644,2.089878438472271,0.6673862812121849,-0.12697369026239597,0.21978182716578312,2.910192206542032
WV,2022,3.5933824830766574,-0.5212744811478307,-9.340164453865598e-18,0.0,0.0,0.0,0.0,3.0646344785661155e-16,5.060717925350181e-16,0.0,0.0,2.1861564096451463e-16,6.191698820370289e-16,0.0,0.0,-3.64753920184986e-16,0.0,0.0,1.5609329708026425,0.19863193413443037,0.4297895386848198,-0.4196111162651748,0.4022933359531351,0.5523798848954252,-8.051929157166427e-16,5.714206248188894e-16
WY,2019,-0.05603240482085621,1.151173097482462,-9.340164453865598e-18,3.617547821755677,-0.8688703696898344,0.0,1.46322383829339,0.16010188567008504,5.060717925350181e-16,1.0180541417309084,1.5062441821131352,2.1861564096451463e-16,-1.3066006848272964,-0.39076405284705695,0.37727248739638514,-0.6060636019429536,-0.19452802131610078,0.0,-0.0598587864909568,0.19863193413443037,0.4297895386848198,-0.4196111162651748,0.4022933359531351,0.5523798848954252,3.945204067373149,0.581220216271451
WY,2020,-0.3456685070349446,-0.26397485366624723,-9.340164453865598e-18,-0.5859546779480725,-0.4535982623004881,0.0,1.5697136664902234,-0.4140566008709113,5.060717925350181e-16,1.8436240166852664,0.45333883716536816,2.1861564096451463e-16,-1.7279245868226565,-1.3069114248394877,-1.0846235174355359,-1.320640546219712,0.5412503490788023,0.0,-1.0728536347994564,-5.704665949425846,0.9371325155901897,3.238801367147235,-1.1327059339001508,-0.6179916208220086,-0.5592988694555292,1.7572867351152681
WY,2021,-0.28774128659212694,0.7652236562600868,-9.340164453865598e-18,0.6894114055533747,-2.5169815458913027,0.0,1.0451526609280426,-2.1034075324242405,5.060717925350181e-16,2.087542388830873,1.579302920333998,2.1861564096451463e-16,-1.8063509594794969,-1.7619515102661916,-0.5627614345160681,-1.497231400265118,-0.5354984856454459,0.0,0.14274018317074313,1.9897254096418828,-2.069344384589784,0.6612834811066763,0.11656441291943188,0.26315014497674893,0.8147161773129671,2.4675588559049695
WY,2022,-0.05603240482085621,0.25062440129691976,-9.340164453865598e-18,0.0,0.0,0.0,0.0,3.0646344785661155e-16,5.060717925350181e-16,0.0,0.0,2.1861564096451463e-16,6.191698820370289e-16,0.0,0.0,-3.64753920184986e-16,0.0,0.0,0.7505370921558429,0.19863193413443037,0.4297895386848198,-0.4196111162651748,0.4022933359531351,0.5523798848954252,-8.051929157166427e-16,5.714206248188894e-16
